MYJRUNUWFN,KEYDRVXDIN,THUHMOGRLR,JUONXHUGFY,GMKELYIQGD,FRVTRVNUFF,FWOOSPONTX,IKSUFCYKLD,TMSCNLMRTX,NUOADSBVOM,NSXQTJTQVJ,QCLYTTDATG,QAFYFMMYSC,KYTSDTNMGL,ROWJWESTGA,SWQRCZKFDA,VVNJWKQVLV,ANGYZDKRRL,IOBQPGJFAT,CUSIQNBJRF,PLHGNWKXWJ,CBNGWAXDZG,KYGUSCKUIS,JSXJDHLBOH,CEFYKOSCAY,DCYNTAYSJS,ZJUJWMLKEM,FUPMBSXHVI,SJPWMAKVIS,LDXMQHEIJM,YRZZRWOTOK,AUIIPCBUEZ,WXVXHETUVR,XJJVDMLWKL,QVOOXQFSRS,DPAAXFPJCM,LRVQBFUEYY,ZJKAMBXKDL,XOKWNKWQCK,DPTPNBUXEJ,AQAPBJNDQK,FBWRNBNAFU,UQXTKHYHNF,AKVVPVGWAL,QEBNPKTCFR,TSAZVFEBUA,LFZUFBGDDG,FCOBUGVSCY,ICCLLSCOUZ,YTKBPJGTIL,LJKATLDKOY,JDQOZTLDOV,WUKACPKXUU,FPTCAICTDB,XSBXPEFEGU,OAUQFCPKJB,RGXKPQXICM,YZFWKBCXMW,PJJTZBPBPV,RNYQWNKFFW,KZNCWWNGEI,CYVPFFUWLG,YZLKZXPRWP,NWJPBLFYJP,PDJJBVVCSN,EBYSNOTHGP,EUBCFAIBYF,LGRCVQUKCZ,CYOHGZXZSA,FGWQJJPOFE,PGZIXUCTFK,JLHHYSNDBX,FGKBSYZIDH,KOVIJWGHZM,MZXBZPGFIC,CPSTJDOJSA,VFGSDTGVKS,EDZYCIWBYG,WSTPWYIPDP,IJNVQRHWCJ,PHSVEOFKBU,DGLMADOSNA,GRBJPJSOKK,STWIANQMEJ,AIOFMOTFQF,YBUMFLBIYV,KITOFIOSYU,ERCISHWHTS,FDXEHNKAAG,NAPZXJPUIS,LDQQXILGSL,JCOVUYLNLK,AJOCYOSFAJ,DWUUWYIXSA,GYAEWEPJCZ,GHUFVURBVM,CALKRRFVGZ,LHCCSPZOLQ,LGIPOVFJUP,HDYPPRSPMN,
OFBUVJHOGB,TMAALQPYKW,YRONFSQOKW,RAVYCQYIBC,UOSJDJAZLV,BIUPDOADTW,ELCIMUTKVW,GNYQUFZIXG,NPCASXNDER,ZFSBXIPZNT,ARUJMNBPJT,EACVHALTQQ,UNUBOOQNFV,EHDIEGDGKT,BAIRRQAZFC,FJFKNOTWEM,FRCMAPWAGR,ERMRGFQQIK,BSTCZHVXQA,ZGZRJYXCOC,MVLXFAFUPO,JKZCQKAFST,YNKKETMMAK,SZCKKVKFOO,AHYSSARIIG,TCIKAVNJPX,GXGBKSOINH,FYNRRNTYOK,BNKSABDWBG,GSUIRQCIYZ,OKVUNFMTRZ,JCTPJVBKEK,PPEEMTMLTK,TRMTIQSHGA,VRJFSXUYCK,SVKJXVYUVC,QIGUDSHCGC,VEQLAKXKNH,SUHTLTIXUS,JASWIGTYDD,VSVRJNGOZU,OJRRGUGLRD,PREKAHAKUI,UXKBFXRNFF,CRVYACWWNP,NCNDNQDYUS,MZMOMDKBAS,XVAFLNLGKU,VGODIFFJJW,NPBPXJDJHN,PULAYNVXOD,DBWMZFCKBG,FRQGIVRREJ,EFUQYWNDSP,JGHBBYIMUC,GVCKOFDCAL,GYIVAFRUDD,QKLEQDXFQG,NPGLZJLMFA,MQINWSNACD,QACSVBPMHD,EUUKEFEDNZ,MLEHBTOKNK,BAGEHNQFPI,HNFDXZABIJ,PNFHEFQDKQ,SGBLVRPVYY,WHURBFJFUU,JMDWVFQXFF,IHMCBJVDHJ,XDBWFXDSZQ,PTCCNTQAKJ,UKWKGSYQOF,NMZBHIINIR,RBNFCLOZOZ,LRBUGDLASE,WWVSIOCMFP,HNKBBMBCHO,ELFDMPZWZX,HNEOPYCUEO,GOUSBOMUUD,RZPAJLYJXW,RZJSTLABXV,ZQDFDDECLR,LBRKIGPTUJ,YXHAZVKMTD,NPPMYMIOYN,OGDHQBZSVE,XBZSVVHYBX,KWXZILGWPT,FSBCDSTWPJ,XTZKBEPQNC,GGIMILNGIW,RPALGJQYIG,JQSKSEBUPR,IUXFVFEAFE,YXVVADGTRY,HGQFZGIVBV,TRPGAIHSRY,ONINWGLGUJ,
XRBJDMZKGC,XAFLXCDQBT,OHRMHWHLLL,PGIKLRNKAI,IVPAFOUTRP,EYKFEJHUHF,GYPVOINCAA,XZYTUYRLQF,VTOQQYUGZF,RGPFPRPDLE,YMFSVAWSSI,JZGQJWWKTG,SHYTEDKCWP,JWQGGWWKZC,SLXXFTDQQI,KAEQGPXNBO,YMAVREQTZP,LCKQKGXUWL,MIVSOBMOOZ,IMNTHUJYAC,AHDNQTEYGH,FXRLJQZFIC,GJQILMFVTH,ZJUEJDVVUK,JVSRBGKXID,WPNPHYWMRW,YCCGNWFYQP,CWVQSSZFGL,ATMWCPAXKU,BJEXNBDMJE,WFABZKXDST,KPYKKQOHOH,ANAFEEOURT,UBYFLKTQGR,VBUFVOYNAC,YDKWHQBRXH,CUNPIFLNWJ,KCXUAJMZQT,KFOQJUBPKW,TOLJNJSLYV,PDTZRXRTCI,GVPVHOLEUA,XHRYCBAKXR,MKOGUOZAUG,DXUWTIHUDS,KAECVUNSQN,PPVPVQBXLK,YKJMZFHFXU,IYBLLCFBZB,XLCNMRVOQU,GKFEMNYRSP,ITRKPLSHPZ,UUEVXNNBGS,PXBCJIWAUP,NWAWEQUJWM,IHLEUKBIZQ,CVOHXVJLBK,NLMOTNAJZO,EVOVTZRUSG,POPQMGGDVO,RFUCLKIURD,ZDOIPYYOPS,XTCIBHEJYN,WUXGAWTAZB,BLHGOMAHAJ,UUVHMHJTHP,TUJCLFJTRU,CYXFRMFQPA,HTQRCCJYMU,RXWURZMECA,IFSJOIHEBB,AWHEITNEAR,KGMBWEFOTQ,MGTGQOICXQ,BARZBULJLB,KPCFXZJMFI,UGBUQOFJXO,ROSFFNRATI,UWHNDYJWZQ,ESYCMSTZVM,JRJWGSTKZR,SOKECSQEOG,TRQAYCHNGR,FOTTOWEUPY,BERLDCBHCI,ANEHHQWPPZ,CFZKYDLOXR,ZBTGMBJJUO,FBFCHWPRWR,XHZOSZSZOG,ALHBNWUVQR,QRLERGZOAN,QXUVEWOVZT,TMLXIOUKTL,QFALCQZDUB,VJWROVQSMY,HESUUHGYME,ARCXXMWRIV,CILIZDVOHE,BWDTSWDASC,
XTHFKFPXFL,TZSHJLAMSE,RENLTOICSA,EFXIXAPIRO,HVOZKLUIZH,SEYYREPPUQ,OAWPYVCBWC,QFKHRJPDZY,BJJGLBLYBO,QOFMWYRXGS,ZNRLIGARMA,ECWGGLVIGQ,LRCEPAFKEB,OUHNCYRGLU,ZQAHAQHQHD,EWDXOQXBCT,QSXWHFCQRS,RKNAJXSSJB,ODPTAYMTOR,DAJJHQRYTQ,JOZQEDOWFU,ZDSDMPHYAN,SOVEUNDQKI,DJLMTZLRDO,QELQAATWVC,XLRZYBZTHE,XVCIBBPDWS,CUDYBEVBKT,RWWNGPRRBZ,GKYAXPFSTJ,CULWRZDHJC,ILVOUJNJQL,ILGANWPMTS,QWLFWOHSHX,LFCQGBSWTB,POWRSPVUIK,HNHSRENHKW,WWSEPQLDVJ,EOUWXQKYSM,PROJSUEDSZ,DBSXMKYTVO,UBPXUIHUIV,PRQSAMKGBR,JQVYBLXKUW,EJMCQTRJUH,AUTSGRLTFN,UOFMFXDQMZ,IYLWANSNRB,LGJLMPSBBZ,NIHXLJLEGN,MOIXHOFRXI,DUELGLDTUT,HQNMNFUYXO,RNPSPOJBYE,QJILWAXNEP,FDCORDZUVT,NMSEQJPKPS,SYWQSWCOJW,PVUTEREUMX,CMHPQQEJNM,LTNNKWKDVR,YCCSBYRDHB,MVKZRGMLCA,UUGWJDNFXE,QACYWTVWCK,DWRPIJNYOH,XTCHFDXCXA,UFVTJSPCBK,LICHRJYCMS,ALKVRDWDMJ,KFZBZURRAL,WRELGTQXJI,RCLPQEYOIW,GKMLXDAMDT,MLBMKQNDZN,LWVMZCOCAV,CUJYSVONNP,ULDWKOLHGI,CJJEJANFQG,VQTIWYTCPD,IYUPHOVBJF,EJVVCNIXCD,AGCHHKKUWD,QCSHLABXRI,IGNPQYRINF,ZSUXKCTZDR,OUZAEPDVBB,TXCADMMUUW,VLGSNLGLOA,DUBLICALXT,GXWZNEOORU,SJTPODDDGI,AZZJUPUWGF,GROVSWVEJX,XWIJJCVNLU,TIPMAOLUQK,EOGPNCSNSK,TFMEVADKUU,KFURWZOUAE,TYALVAIZPL,
ZUGVTURWZO,ERRBXRQXOX,WBKWJFZYEW,PTETSOFGVJ,VHKYEALASM,TXGPNFHGEL,SHJHPUQYDJ,HNWUCYAIMI,CVVRDCGHKS,HSOXCTLUPX,DPKMJTLJVM,ESRNWEVQYS,WOZVHTSGXH,EDFPXMBYQE,WLGLTQDYJG,PMQUWHEOZP,ZRWNSHCPOS,BOFPXSNYQF,KCDMUVUBJL,IUHTUAVTPL,LPXPYVVJEI,BIAEQIDHRJ,TJEQPNKXKX,XDTQDTYNFF,EDPJIAHEDO,AJCHPFQMQQ,QLBYBAQSWV,HZJJVACSRI,XGVKKABFLL,DVRUZSGEAC,KADYLMHIKV,RGMVTOIFOB,MHQQNXVQYW,AMEKRJMTWD,LGBSQJWKIR,QQCDHVKDKM,WAYHBDZJJX,UMERSYUDWG,LGASYYODRX,HSQPZKJXYH,DWIQUSCAQC,QIXVSEJTTS,HDQHGOUOEO,ZLXXTMTYCV,MBUDVQLMYR,FKDNJRLSYA,OGOIJXWMPG,NSNEIMYSUI,YYLEFHOMEM,CZCCRDVUIE,VUPMDFMYBG,XFBVFZORQB,GDYABCVCPB,WUQTTZWVDP,EDANALVWKQ,KQZINSAKLZ,JLKBOVURZS,YYSMOOCGXV,WRGBDUYZHA,WCBBMRUPZW,TAQCCTSFHA,LGYMEIGYTO,EYNXYSJTRD,IGJAEBFVCB,CRFIUEDHAI,OVRJVGDTXJ,GLQBMHYFGN,DDMIHNAOXJ,AVXIPSUNJZ,RFRVFPPDAD,CPNBTJWOSR,HZLEIQIDAA,YNPCLRXBCR,VISJRMMIYD,OYWMDNXTIZ,RZKQMVFUOF,YLBZWCPOPN,ZMJASQKGKQ,OZEAVZNRBM,PYSEWPGJAN,QNEQYLUDBX,ASXJDBPFCK,VWQECPFYXI,ADICTZBAMD,COXLNYDFIF,RUZTODLOVB,RPZWROHDJL,SDSKCPZJBQ,QFGVKWQYGA,OJPSWYONIW,CPEOTVDMSG,ZXDOHPMWBH,YSMAPXGOII,JFFIENSJPM,CHFPUWLOVI,HPQPBZWQWX,CQMFKPGQTS,MRHRYCIXVT,TZALLECXBA,ACQHZBEOTR,
KVAXIQQUHL,CMJROHLBPL,PBDAZHXWTC,SJKJUMFVTA,DSFKUSGRDA,HSUOUPEMUS,XWCLCRYPPW,JJLVMGFPTP,CSMBGWDZKP,XKTDGJLBBK,VIKSWRXKUO,LUXFIFFDNY,TFJVOHGHZU,ZBRVAGPNTT,WHJZUNDHFT,JTZDMXBIIJ,ZYUKGBJOPX,YWGCDKZSOF,EUJDABJKSF,JDGYLSXVMP,MLLMUVVCJV,HCJXQYMFEJ,WPAYPTEKII,KBJFYTGMTG,VFUHFTARSX,UOTTLSOCSK,TQYTDZEAVU,ACTBDILHFJ,XGSGLCLWQB,XJZRNXTUEU,YLNFYJYPWF,QPBMGSMYRU,LEGGUVCGTM,LAZPPBBHRN,GIAYYWCJUK,JUFWUTSYPP,HPIXHAULOJ,COVPSXUDDA,GDTYBDVNWL,UDBNUQEVQX,WZPISEXTRB,EDAKWDXFAX,KCXUNVKBWC,HIPRDAOZNY,URZKDDRJMP,NZWAENNLIJ,XPCGENWTKY,IVCIWOBMSS,WDDBTTFCBE,VJOSEFNGKO,QOHFSUHRDU,ICDIZTKCIQ,KRSTTRMOCH,WLOMZDZLOS,VUCQAQFOPP,ICIAWRPESH,SYLMGSSFJJ,PPHNHBHOGQ,SSETERBJHN,DCHMGFZFLF,WLFEBCISAC,BFZZCHUBPZ,CDSDVZKWKG,SZJUSAQBIS,MEMXQSHBPS,ZOGNSORSZZ,KFOUZGQXXS,RVXBNVPXAH,QSXACMPNJE,AOVGNDSHRB,EEUDQPMIIS,GNCPQQYYUT,IXXUEDWQTJ,GNQFTHUTDS,TQKPJEADFX,IINZNQKJPJ,NOJFWYKYOU,HQPBEJKDRE,GECJWPVGOH,NYMGQIELJC,FFYREBDNMU,QGGGYSVNGM,WHHJJBMCSF,BDFIGTBDUR,FDOJTQXLQU,NOELTIPRZY,LFHMVJJVNI,QCIEHXYVXX,LUHZWNOUNE,QQZDSBUNCM,AHZDTMKJWN,JUHAHALKMY,FIFNQVZVPL,XZOEHGVXAZ,AYKXDUUVWB,XQUVYMFUXT,KUNEUOEKVD,LAAMRSJGSI,IWILKDAFOG,WXAGXYIIDJ,
YBDGQWHMPV,LSNDNNZZXW,ADPDCZQMEO,IUXNVYJALW,NWUPUNKYUT,FSPTWHPSAK,OKEVMJBBYT,YSPDEJVUST,RXKIJAPBJT,HBHCKQUAYN,EETRMGBEZK,SVTRFJAZWA,AYMTBOYEEK,KBEYPHHKMF,FRELSIMUOF,CHXLHFQIAP,EXJFJZTHET,HEQYGVBIEI,TWICLMCHAY,KZGQEVSJUF,BGHQIFXLXG,APOSAVEDCH,FDERLRRFHH,YCJLUCPWFA,WFPCXOACGM,AMEURDOBTP,UDONFJVGTO,WICCWZKZZR,VRMLOMONXB,VWKTENVCHN,EUJOGPDHMY,FCZJEFXSIR,MMRTXLMBFP,PUEQTWJEUE,AERDVHNXPE,ADXWOHGXYH,TVKXFARXKK,HWPVWOMEHH,GBUIMUGZWN,ESJKZGMTSS,GZVHKIBUYJ,HUGSONGNJV,OEYHWDCGUX,QNFMDWMUML,VUXHTOCRAA,XIJJXKJIWK,REOTOFKCDY,QOYJPWHNMO,TFWWGEWKFU,HDEPVOUYQK,GIFSQMUSSG,TZQOLWAXAV,KOQFTYLOGH,VBGQHAKEDW,ZDVBISYGNA,DHRFJBTUVU,FGTVKXMJJU,ESUMBSBLSZ,WKFVOWNEUG,EPSJRZUVBE,XTBZOXKYXN,XFAGGVWKQW,DLGJJBJITR,MZQZADCYPP,TXKAMJEPOE,KLBZQKVHOM,OMZVGLDXCH,YOCPBDKWKZ,ROOZYWBNIW,CHAUDAYHGA,EVUJIJQFCU,BJDFKYVZCM,QGSRGWXAWR,QIMZALTRHL,WGHXKIGHUR,BUGGPKRMJV,DPNTRXZIZW,WLGAZCZFEU,MKNGAZLFHL,RYGWTPCSPR,AOPQQNMZCZ,CAYPGBIXVI,JNXUPNKGCY,UKNYXDFPYO,MBXYPYCVXD,CHTIELPUPL,DTJJKVMYTS,AMPNBTRMYS,ERMHYIPXTQ,GHTHAANZQW,VLQAAEZAZU,MKMLNUMMWM,HAOGXFANLT,LEQWBFYTAC,MWDREXIRYS,ZWRXUMIRKI,OXURRIZBAW,PWGHSSGIOL,XRIGTTFGDJ,MREGPJBFZH,
QQQATSITZT,HBVHHNIPIE,DTENJNDATD,FEMQGZQPQO,QPHSWBTRMF,UTHUQBOERT,XXJMCIPJMG,PXVPDDFCLX,BCMNADBXAJ,BVYLSUYPQR,ZRJXJOVXSU,FNVCVPOUQD,MJPOKCNZLD,QETNPEBQIJ,VGCGSBCZDS,YAOIIUKFYQ,UMBGXSISLZ,KFLHBPNUBK,JUUTGUUTVO,BNHBVKQSFC,VCIWXXBHUK,LEQEHJESNZ,GLQBYYCYZI,CNOJFMCBED,FMIWOHYAQQ,BIMKALHJMJ,KPBWEDEAOX,YFIRIMXNMU,ESCVQOTFHA,SJQDIVQCVV,AJNRKVQTHO,QYTWBFMVOK,ENEGGNYFJZ,OMKGWDLGMK,XAKVICEZJT,YPLUATXLCE,ZCXFIQYSSG,ZVCRTQWGEU,QFLUXCUDWO,TLRKFRVSRF,YOCZQQEODE,CKMEWJWGLT,PSXEJTDNSB,NEFJAHRJMD,UQEBFHZTTP,NJNNHMVPTP,QVZTAIOTCU,YBBULQKUQB,JUQHZTXPVS,RDPRJPPPLS,DRFKCPBIHS,YWYAJCEVGC,KZBMBFPGMK,GDTVLZOIEA,OXAFTKWINI,ESBXRAVHDV,XTCXIWCPGE,DBZEMQVLBD,AHQTBDFCYA,ERYAGTXOSB,ZHAJSBCVWB,LOTFYPRNGB,FFEGLKZPSZ,TAEHLTFHZE,KOCVAHRQQW,VHQDGZXVAW,YWLCDUZOHO,XCMOOOZZXE,AETPBSRIQG,WXLCJEMJKF,AQSLWCVOFA,OZMPHPAXWQ,QHMFEGCOGZ,MWLFGPZUHK,CXDXRFSNQD,YJYSQBBXIY,TIVFDRRDQB,QFDIMWJNFZ,CYPDUKHLCP,TZFMBGSWTW,HSNDGTHQKF,JMDRETRPRJ,NVWNOPDBVV,KHWTLPYBLL,WFKUBFDKIC,AVPUIFTEKE,RVNZDEAGED,CJOKAFIYWH,JWGELXFBVE,BEXLQYDNNA,VVLDBNNTWA,HSWFJRQOYZ,HNAYMXMPDJ,RNLWLILQXY,MNLVRXTSJS,KEHDFEEOBJ,JAIMLJQEWG,PPXQOXPTGC,PVTRDLJORD,NIHNIIDZCK,
QSTOAZXVRR,AFHXQHHCJQ,NNANUNJVYJ,SLUPAAZJQG,BWBIZNXBRD,JFJPUMKLYZ,KXMLEAUPRU,SLBKBTLOPN,IVXXPJOJTI,VKXKVEBBMG,GHPCTHSNDA,QKGTBLPGWA,AVTJBUITAS,RLECOOVTYB,RVWLDAXCZX,BQIJAALXZH,LAJHVJZSZD,VIGCPJBJBL,OWPBFDARZE,NBLKTQAKYH,IYPXLSZGZU,LOJXAKFGHP,JXHWAJMUUO,NNDPBODPQB,GOQRNBHVTG,LCXPUIWQYW,WWGBTBFHYX,ZEBJDOZNKR,ITFJQFIBUB,BRSOQMCLDH,GAWGZQWHTP,VAPIWMCCBX,OIJEBIGRFZ,XVWNRTPSLD,GOYVAJMPKD,JCWQMVEIVW,XZHJUSUWDD,AHQYPDPUKH,OBQBXYMQBE,YJFQGZXMQB,PNHELGNZWF,ZXYSDVVDWD,MVGJHMCZKC,SUUWPMIAYF,DHDLCHAHWV,OMXNXHMTCV,BUEJPPZLEZ,EBSNUUQUEF,BQTAKDUZDC,LCLSDXQCGX,QAAKBJHYXW,FZBAIEZRMX,CASBVPTUFB,XDWTAGMAIA,HDFWZMYIEN,ZFECBSZYPP,HFKAVMUPHA,WMWDAGFYBX,ARJOMFPXDO,JSIQLRPLNS,BZPGQYTCIG,QHNEWHFFIR,RNBMPTSOLA,UJCCTLXNHK,WDWPALMVWH,HSDLLNMECE,MZQSXLUNEV,FIEGJSHMPO,ZNNGPQLKZE,AVWJEHEFNR,PDCVMMVIJM,KNMHNYUTQK,VPCLUXHJXF,LAVUPDUQEA,VUXNKPMCBP,SORAOTEYBR,EOWTJEBWDU,MPHYEJMTRS,IBLAVFAWYX,DJLBQICTEV,GJRWNVOBAB,HYJYWICFYX,OTXQJHMRCZ,RDTHYXXBQM,QPYSYSWGNZ,GDZJWCKHMF,UZTSGBBJHY,PVRACWMQXH,OBVAUFYWOF,ONPVCTEGCH,EHHXNJABFB,RTLYJAIWZO,SAUKVOPWXB,PVEHXTHVXG,YWEDFOKLRZ,BEKDTLCVHU,RZIRQGYLHT,EKZEUDDSCZ,GFAWFUCUEH,PBWIEOZHMH,
SZUBMVPGNG,NUKXAGTIZU,HSRWKHFAED,DWSLPIRZEZ,PBMBDJPXGV,FMJMKGSWKK,GSDJCLXHLK,OSQVGABXLK,MZUKEWYCFI,KYAZDFGXDA,VIICCBBGJR,AJMHKGKSZK,YMKBOMWKWK,MZGZXXMQHB,AUGXGXZCYQ,VVTYGGVPPZ,TVGXRXWJIB,DZCNOMCLYM,IJJKKUVCJR,MJLIGPHVMZ,JBHXGXKZEK,DBNWVPWGLN,MBJFZPRQJG,KJYGOZBXXE,BAVVHCNKEA,ALTOJMCFNH,IGFQXOFYIR,UATWGXBOGI,BBPLIHOVPU,QVMTNHADWP,MPMDUCDJBN,MOVTTYNUXY,XYMTOWLTTA,ERMQYJKDEC,ZZNZKUCOUE,OFSRFBXGDH,CGYLWAIGJQ,UAWNTLAIEI,HYQMLKPLYE,FWDKCJZMTL,FNILEFRXFA,VTSNZMMIML,IFYWWRINMK,TFMQCNEAUP,POLCRMMOKO,UMVPFWITTH,RPNAINQBXW,WOXZAFODED,PDMMPOVCGP,YVKOOJAAUH,AXDOYCGHEF,VZVUFPNWXL,HLHLXULILO,RMVURUGKES,TUMRWSXSRN,XTSMBOJXXE,JSSJNSVLTG,QYOFFSZULC,FJNSFVTHBP,GBGMIXAPLN,IWQCLTVTDH,TFIIQLAZMM,KODQEXPQNM,MJZNIKRIAK,NYKYIVJWKR,UDOVXWCLDS,OFVWMBRYMT,UVSCTURLMR,YZEGAIVYXV,PLBUKQXHXA,GHUPSNQTHF,KIRDWVUFNW,KIVMBPIMFF,QHOVDTBXHX,NPCENOXTAZ,YDCKSDVKTK,DPQBAKHNJT,UDWWLHXRTR,OKVHWPLKEN,YPAFDXUMPQ,RAMFTUSCJT,PURYKZPRWR,CUEMVDKYVJ,KGXTBXZEAW,AWZKJEKLXJ,WPTOJEYCEC,PTTSQKMROY,ESYMJWEJEK,OHQUYPXCJO,HVSJUZEAPX,WEPWGYMFQP,PLSZOSBNMV,SVARKJNPPO,XZANXZWKXV,NFYKSZOXCP,RNDOWRHBLM,TCEMMJHXGX,VYWAPHCXGU,UHXFIDSCWH,DWWMFWGZGM,
LYSYXICXZW,AMIFKDKTBB,ZLYBAYNTNL,TZHTEIUADI,PQHYDNTMZF,NYAMCUYAXV,KRLMAGOBRO,KUDQHIEKWM,UYFLBOMGWB,ASBEASELVI,EZPNMDSHME,TYGVUCRLPE,FGOZYIHFRA,WFVOWBLNMF,JOJCEDOJMA,HSFWFQTEPP,HLWYJETOHI,HXTNSNZVCX,ZEVSLXTMXS,BWKERXDTRL,KYRNVOIMYK,RXTPJHCIXQ,NLZMKMAUFM,SRVRKKIGLN,QFWVUGFKYO,TPYAUDSPWT,ZDABWVEFOW,RALVPGIMCV,QKXVUACAYX,UNBSMINCXP,GVNPAJFJTZ,PVSJUUMNRM,WADVPTUOVV,PALHUTAEZE,YSYIBICMUQ,JVIZVJTAWI,JTOTLIIUVQ,KUMQGAIHGD,VDLVCRJHWU,OOFMXQUMUA,DUEUWNHOQJ,EGUSHJANLN,OVREDFGMVZ,DTSTNHURSM,UAQVTNGTQV,GIBDBKFERA,NBEPVSDGLK,UPJPXTJAIJ,FOWVKLQPML,NTJWKPKXJL,QSGSVLDDWU,DEWEMJLYZB,MDAXUSHLZD,EQOQBMCZJX,ILERIFYJIV,NYIKOCMWTF,QDJLVXFARR,EFWCNQDNVZ,INCCTEBVKK,VUIXKZIVBG,ZNQWRVVWFK,PKVGMCEXFS,OFEOQILJTE,YJQFAUQKEM,WVVJGLVYNV,YNKKLVYJVE,JPRCHCKFDO,CXEGDAUUNP,UDLOZSTFPQ,EJMALQXTRU,ELJLEKWBSV,EYNTXRNCSX,FLAUXCQJHI,BADHXFSTUJ,FLYHXKSVDC,OZFDUZWKWY,OOLYTHRFHC,LVXCYEKMII,CTMANLMMKL,VIEJLJPQAS,TMKIBYVXSV,ORIYDCFQOM,QKOKQLQKXR,FZYSAKYOFH,APNCEBHREA,MRZEQAOXGU,CPOAZIFXEA,QBHHMSVWLZ,IWWKJCZMVW,BGYPYAALYC,CITICXYXQY,XCGQIETPUN,ULIUQHIJRV,ZNJDRTPIJP,CPIQJCVOGO,NTZRKCIKOW,TCYXGCLDLX,ZPQFIGRIEY,OSZUMJTSJX,SXGMKHUJBF,
RJJUIQWIUT,OGWPBWYZIA,GXXFZTOFER,ZKTCWWHMLU,GBBBAMKEBI,CESPMYXJVS,PLBCNOMDRG,KNHNSXTEFF,FLNIRUDOHR,MXQIBTHHCS,FCDVCVQNWW,HRKVAIAFMJ,QQADCBUQBL,RVQLVWCRGM,NWYPMYUEJI,KDJSPJAGRS,XYWGUUVFOO,JNSHXHHDOV,NTXUCQSRPW,RRUGZNMGRN,KBBYLKYOON,RYHDZTJEKB,BZVNGIRUZK,CWTAXKDPWL,IHPEJYRKHJ,DCFDIUILEU,VSDIQXXNEZ,XSWHWBXQGT,VHWFGHWSVS,CNOGKJALQH,UDWSLDHHTN,OOTGFTXOVT,PLRVLFFEJP,FBADXLANIP,SDGAIHDLRA,HYUXRMZPNN,ALDZBJZLHL,WTCEVXWAZF,AONLOLKKZF,VPFNBUQUBX,WDSHXCOMMG,QTUUQOLVQG,OMNZWLJILV,GFRZRWMWIT,NMVIONBMZV,IBMOXWHPNB,KQWRSALZCD,LAAKDGJWQN,SBPMXJDVSB,FIWUXJQJBU,VUSGDCITRM,BNCOTRSQPR,WZEDPIUHPS,RDTMERTAVU,ELEGXHTJYD,JEPFKOHSVN,PKDHCETTOO,BXMKPXTREQ,FWZCXRSSHK,PRMFKNZAYV,QUVOYCPTDK,NKVAQANRBY,MFMCAFAGOE,ZKRXHZHKAX,FLJOVKDZZJ,NVFANQVPJM,SIAKBMHESR,RWLUKCEDZP,RHFEZHKNGY,KIKBFSQNGS,OHSNWYZSPG,FGCGFCCGCZ,NYZSHQWQYV,SXNBULKXRZ,MRGQURJMFS,XOFUABVGZJ,YREQLWHWPN,FOKKCLZAQJ,RGAZOIDJXO,ZJEXKAGFAH,CCCHWSYHBM,NFBDPTMUJM,FVZCCWGLTD,ZATNHSZNXH,ODSTSDEPJR,RYNGCTHEJR,CICQNKRMSX,TGHZJPGWYX,IAKAJPVICV,GGUVOSTVDT,XOEITIAAQD,HFYUCMCQPS,OORNWDCRVU,EJHCNNXVIX,QZLPPATENY,YXKCCZURIK,HJASAUOFZL,KRLZCUZNAK,QBXUZSMSAQ,FFWYNKFITX,
NFBZJCHOBJ,MFYDBKYUKL,KDAZZFWDBY,PLVDFOBOEI,GCKGASLQCD,BTXNPSSMXO,UYCQYCEYQN,ZIEYPBQOGA,UYGJLODLRS,NBHWZUOTZT,JCMEDUIEGX,ABMQCXAGKO,GZGFKGTQNG,EYGTMQECQG,LWUZWAJDSM,HTLTSOQWOX,ECRZQBGHOB,FASHSURNCG,UDGTERCEJQ,SRQBOTXJJN,LOOCWMDIGL,WDGETTBMGL,RZRXVCLKMJ,QQJHDHCQXF,TCWIHLIGIH,NEVPDNFRSS,WNBKQTGMVR,OKZTPGGDZH,MEUBISBIOP,IQZVYVTPWW,YMPRTJIPBZ,YQXDNJQWCR,MGPFXJEFGX,QCDRPQXJEV,UNWXIFANZH,PSMGAVKIIK,PPVUHRFNWG,SDUJLSTVOK,QEHQFKABEF,FDFXLFSRBP,XBZFZPFJIY,HZRPJLQBJB,OTFPBWFZUL,SYNWQSBUNT,BKDPHNEDSK,QHCMHLDWCV,IBBPJUGFGR,PEVOOHTQOQ,FQLEKKCCQU,JULRXCBZPS,FIWJEMBAVA,YNNPNAMLRP,TIGSEDEFBL,FRCEQSVRIY,SBAMPILUTG,DNDEZKVBZZ,RUHJXXNYDK,YSAQZFOFTL,GSTBISJWLG,QAFYDBLHJE,ZIKAVETUXO,QQTIJCABKB,KCFCUHFFYR,VWQDPWHRSD,HVNVZXFJSM,LPVKNXQRZM,QGYTAPKNXR,CKRTJHGKQC,UPZHRVSZQN,WPUPJUPTPC,OUJNQJDWYV,NMLAWTXPLV,UVFWEDXPVW,OQTINOCJZP,PQSODORAJV,LBJJMICEZF,BYGAXAZIKI,EMUPSUFGBX,FEDFDWZCKE,JTJHFJBATW,TAUUAQRBPA,KBACRJQHOH,KCUHNSTXYA,SYBFCNEQQQ,PXUMZSHOSS,DYVLWUVPOI,UUYDKGUHHI,XEYMCBKYXI,YNRSIQHQYM,BCLENOUIGC,HGDNGFJZLE,CGJSJBSEHQ,GREEBDZWIH,IKYDFRTGCB,DIDNLNZUNV,CSYMYUWZFF,DVAEHZRJHY,SAXLEHMETW,XUBDUPSFDE,XOCIZESSTA,
VOFHNJRFAF,IIUVSBZMBI,LIUTKCJLIM,ICPFIMRHRV,PSFRSAUYMC,ETTOPRBFIV,MEELBVJNYJ,NLARJBTZMQ,TSHPZDHGDM,OXZHLFMAEB,QTPPRDKTRA,PDFLZFIFJW,CBJVVNJOBH,VUUWPYXEKP,BXDLODHFDJ,BXHIBJEWER,AAKHDRGBPQ,VSRIYJJZRU,KSYXLQAJNI,XSSDHPFAVO,PSIAIZALDM,GJAWQXVFGS,KDVAPJXHLT,UDISXFVCVS,LSGCCHUCSS,FREDIKKFKL,DRMNHUIXLD,ZTMISNWIGG,PZFRPXVILH,VAZTZTKHRJ,XDDQLXULCP,SYSZRQJPMD,JNORQDMBGF,IYLIOPHTAJ,TDMZLSPDEZ,PVQXCYAOHQ,EGTFWDHERX,YRSBDTSXYQ,YWOWSVZNFJ,JRMUNQWIKS,ZMNCYTAYSF,NHNYYDHJYI,VMOGDJOWFL,UOAZQGZVPG,NFIFCFTSEA,HUDYPXIMFP,PZKFTAJOHA,TQHBMBKTRV,RYQJYGKCKI,GRSXCEMWUA,CKEJOUGJZQ,ALQUECZYDD,EUNHBOFZCR,YGIQMCETVT,UERDPLGSFR,VHOVAUVRZX,YADHEBUBSS,RUCLHWXPUW,SPRDULHLTV,VUVJWPNTEG,PMHCWKSBMA,IEZBEWUZVX,ESCPVYNZCS,FJDLUBYLCJ,UJIAVHGJPO,GSMWFXXGBO,RFVAHVFKOV,YVVXPFOHTS,JLZBWNMCXG,KOCSJELOSY,YTKFYKNWEX,DOGYSHSRFU,QWPGJHFVWF,CVHZMRYGVB,ATHYHJXCYE,DHLYFSUDXQ,RCCYGGGQON,VSDXRMXBAT,FPWWVDLENF,JGJYXPKHCH,PWLYRTPQXY,MHDPCVNTZO,IAQHICBEHG,YCEEUETEDL,EGPJSNDRRO,POEGSCHMIG,LPSGTJJQES,FNDGJIDCDW,XUXHVSLXDB,EWFNKGEIIV,SYOGLLPDZB,JNXNAHEOAR,TICQXNVDAN,NLEIJNYGAO,CHWMASUHAC,ZWKLBJEYEW,NMCSFVBSBV,CBPLMMRMJK,XXGPLUNLMZ,JHKALHTQFM,
PFMWBWYSDE,ZFVYKLGKWV,YYDSRKXPKG,SFQBJWYBGK,ZLJWHUDUJI,RICBQCDKHG,NLDEYVJTZP,RUCYVHAIBN,CJGBQLUUSI,UBJUAWHUDI,IQEIXDGVCN,RYJHOHJAEQ,ZRVIFSSJPF,JHFQFONLGB,QIIYNRFTFD,CCIJTRKBHI,OAKUTROUFG,BNIYBGIEEE,AGZNYPLDJN,JHLGFJJMTV,NJRMDVPJGV,ZPNQOECVYC,PMZPADFJAL,PJHYAEDIWP,PGOBKVUNDI,OOXMIDGLES,MNMFMDJVAE,RBGUEYXDBU,VHINHKCQYO,ZBZLDYQEFE,ZQDPXUNCAI,QZGYFDEAHA,GWFYXUVZLH,NALZSMGDXO,WWETVOWRLS,ORTPQSGYFX,PCTGMACSON,GFHSICZFWZ,FEDSMXLUJY,WDEAVXKRGA,EFVMIOWVLE,QKHECNDSGI,KHQJRTZEZA,FPRDRVDDZO,DNPMALCLFA,ZPHSOECYDW,CCSGRDSJQM,UGIGPJFTLU,LAIOEZUPYU,EFZMZOHTHR,VDCHSPZFQP,LWLWBKJKEM,WAQTSKTSHR,SFHXJAMSVU,YBKUQWIKPE,WGGVTWLYBK,JZVQHDVOHS,FZKJWWYBCA,VZPOVOXDXJ,KZDHIZUTCI,WRKOENULED,MBYSSDURGW,SGOWLPQTUK,QAILJRVBJE,LJHZEGHWMJ,SSUSHLGNQF,FMQUVCGQQP,PEAXDSEFHT,GTPADLJJJB,YJUIQQJBES,FTAASDVNOI,SCNVQPWZAS,PVMFSBIKMG,WETIKPIBLB,UPENKKFPYO,NGHONGVVIO,ZBVBBZGHBZ,HNFLVEJLSE,LPGHPGUXDO,CKCETEUONG,ZHMPMSERJD,GHFFKXAJBV,SAOWVDOXAP,QCQVACNLCW,IUBVFIRWHK,NMICEVWWDC,SQGAOJAEWL,ITZSVOCWFP,GDKHLLOZYX,XVSJDGYBXH,OUQWBNPBYE,OTNYUJCCVX,LXBWDLGYLO,DMABMFKDDF,RDNLXOMKNK,VPEFBLUHUL,WIVDGNAXAX,JSFZVHMMRF,SFDUKCGIRL,XFTIEFADXL,
KISTJSPAPU,HQKVFJQUKO,UQTGOAMMFR,HIDLHZLULG,JORZAPASLK,YFKZKDHMIH,HTOGOAYTBD,CSNZUGIZXW,WLYXQUHXJH,RFUBVRBIIE,QRLYISFYXD,MFCRMMNQOA,TTGJFIYUFN,ATHTVAPCXZ,TVUUAWRNYD,HVVHLKSGXS,JAYEZUIAOF,LVIRDXEPMO,DGDGQTLGQB,DMIOADZVFA,WXYAKKGYUZ,TCQIOXPTIH,TYHMLKGQPR,SEKXWCUFBX,YPZOJCPCMJ,OYMFIRVTEG,XJMBJYZFTS,JMLWHLNTOS,IJKQXAATAO,ECLERKBWBC,RFWZFWKEVB,EPOCIZZZJA,FYPDSIVIAK,IEXCPMOIBF,QYPRLMQCPX,XWRNVXXGKU,LCEPPDVAMN,LPLYDBDZHA,UOEHAFQJSG,BJLMEFMIQW,SKXCIGNKTN,BTYASFABDL,IZGUJIRNPG,RGSTWCUXFM,RMIDMKLXQN,BEDHXLCODB,HGUFZMWAMX,DDLZQKJNZX,YEBQNPUDNE,BXKJNDRISZ,UQVAOCUOBV,SBZVUVUTAQ,KAXBAQJXKU,WBEEDANTLW,XWZCESEWIL,CNQLKXKYBB,XJUNRNKYOG,VMNZBIWZGI,MIXMEXPTBH,NACNFCIMIM,AFGUDSBZWD,YTVQXMDDJO,BTMHMLVRDA,STGGRGLYIY,RUNIOXDWGR,JLSBXGHGUJ,GRZJGOAHNN,LMOBBMPAER,CGMGLBLNWZ,PEECBIRTRF,CVJCPJOXJE,GREXJPOTSZ,RKXNIQIDYX,GNVUJNNFXF,XQUFTPOSEX,LRFPKQYDXC,UUETOGPUKV,TCRSFTRQDH,UHGPEFBAAI,PUSGKKDPPT,VXLSUMOCJU,WDAOMFZLHL,PFLPNDNNBP,MGHUASNUIA,FOCYPKFZYI,WOCUGHDICW,STHQJANGDG,KHJAGNCJDS,RDJYBAGISH,YELGWSLSSZ,KKSDZUYLJB,CMQGFBOWMT,HVNZLXVYNR,UEVDEWADHI,RTSXIXUXPO,RBDTZULNCR,EVCELBUBLW,LIQFBYYZEO,ISUEIGHCUE,LDYSUGOVVC,
TQFIEAZWHK,EZHWJVRTWU,JCKOQVDOMJ,QCYAXVAUQE,FXPOFRDWPF,HQTVAGUPYZ,CNQDUEXVFY,XIIVEELQRH,QNSDAAGAPS,SMMFVMTMXB,MHLBGSTGAB,FALBTEQKBE,RMDIAXLRWI,GYKWYFPBUX,DKCXHPTHXA,MRIKPSMEJG,WRQBFYKOEL,KNDHKFDFTK,ZCHAOENZBP,SKIWERPBNW,AWQRGBAYCK,COCLXMLDXB,XXKPYLXBGL,WNLZABTGBU,IMPYEMIRNG,BATDOXCAED,SBWUPJRBNY,FRITAZIYRR,MXKIGNZYQO,UYDVZLCSKG,YITFAEKSFR,DOUZWLMCEA,UYVQSDRQMX,QQTILTGKTN,ZLMMMPMQYK,LFDSAYBUVP,VLSXZVEADC,AKCXYDFFPH,CXRXITBCCM,TSWPGXNTPO,YSPUZFSDRH,RJFPHICWLD,VUCOFFZFOS,RTJYUVTJHD,SOVKHVHCND,HTPEEZEKHF,WNAKFDCJDW,GSCPALBAVF,BFKZGNBHAW,MRSNTLEAJR,AYDYWXNVZM,QKNIDVREMR,TDHBAJOCIL,MRGWBFTPBO,UQTUZWKJYR,FPYTKPQTZC,AFFVNJIBET,IVRPORVODC,VLVAXYVPAJ,ANHYJTLABO,EKMBDNWKHL,TTTYOLLAUE,RRKJJMECWX,VQFATSFNEW,PVWRWXGTZP,UZQFLPYQYQ,ETEKIPFETI,SMQBDTLITN,KCGHZETKXI,ZCFHYPJGAD,OVXMVLVGMK,YQIARWXJGR,HJOZCWNFGC,OOGXSSLRFD,GRJRCSDGTP,CTUTXBTJKQ,EEFDUMEXKN,QPQXBCVHKN,LQNJMIYBPR,OWVMZWIYNW,JYQEDIIELR,JHHSCYVZOA,TGLTEUESDQ,KXWDJSTFOY,CSINWSNXVW,ASKGQGKHCM,DZHIORZCHJ,PHSXXIDWNY,RKCWLWQTGB,SPHZBTNGWN,RNOALUFHDC,QAYWYZLMQP,TDUCKPIBYP,SQOCFSABWA,KLKYVVLIRC,NANHDYKGHH,TPFWKDONZH,SEOBAHUKQT,RFOQJAIKPD,HNFFVYTYZY,
VOHPKFZSER,RAMLNTZWUW,DIYVKCAEDC,JCJKMWVBGQ,JCJCOPKTMK,WAXGJCGVQT,SWOWTILPYA,MVTAYZKQLN,RRFKQRPWIR,WVDNKPWQIJ,DUKPQTEJGT,DDLWXYTCLE,SDKMXGNJLE,RVSVLKWSYB,FWLCLSZDBP,YCIQNCPQIW,PBISYSKKKG,BSJOXOLELS,MCQQNUNSVV,BOZYAQPXKN,RVQCOTNKXM,ZRWOGEUHTK,EHVCRWNOBK,FAZBATJQNG,HJCDCRHNHS,HJZXAPDGIY,JKAHOQCTHY,SNLLRWDHOD,XIMUCQEBAH,KWDKJXNZWC,OQMQJEMAIT,GMYUHDNBHI,OBWVIFGSKC,MVKGIKDMSM,CHSTGBSULD,DBDCFGLQWM,SGVHFNNSGY,WYGWSAVXDD,KVUUGPUEMT,KZFNLKHKIZ,PBRARVCWOX,HJZHDIIQLZ,QYMAAFCNEF,QMGWQMOUAU,JMBSCRAGQG,DLSPGOQUQF,RDHPXPVOJC,XYSVOUSTJJ,MAVLEOHSOK,LBEGALROIT,RGEBYQRFDD,KUEGIENIUM,ZGTUYNLYIK,AVOZBKQDFR,FCOVHATTJO,TAUHHIBIBO,PXBQTTSSZA,EGLWLVUBFJ,QXOZGBETRD,JESJECYYCQ,SOYNTASRLU,AYBYNVUMUI,PTBQQYRNKU,NJXZKXNSGT,IQFBBYGPZZ,QXHNCXMSQE,HATJKZUMEN,DSLQHHCOES,ZIDYEQKUBB,UJHGZXJRFI,ZCGFUZEIUO,TNZOEXAQSI,JCZVYNILRK,PRNYPUSJSL,RJAUWMMUBC,RYKCVRDKQX,VEYKDFGEBL,KNBVKJHFYA,EMMMWJIGRJ,HZNPNWPPEZ,IZUCAFHDHX,NPNDRUVWEQ,FXDOSEQGIE,TFZZANJCOC,DJTOCGRVIL,YNPTUDIUFM,RFKLLKYDTT,JCTYNXIGZQ,FLDZIXZNQW,RIFATVQDGM,DQZBXUWTMJ,BQBDEDTJMY,FIYHHMERRD,JZPVOGMQJU,AOULFNCHZE,NLPHLYALFE,SZPNPFVNEM,HBUBVSNRAY,KXCRQLSSNR,KFSAEFSGHK,
LBEXAPHUHI,JKMFEKQVTQ,ZWDXYHHSKY,FVEGIXIWOC,EPCOMDMGMJ,USBLAHQADG,PJUILPQDKH,MZJJPBPROP,MWSGWUINNT,IHXEBBZHSC,NUQKCDYYYL,EJDWHTSNXU,SSUISZMYZS,LZFYZZHMGX,XFJWMEGWPA,MRXDXTYCEY,VZKSNOMFUX,DBLKGCYDMF,LWHOLAIVTJ,NLVDUEBCBZ,MSYMLCOTOR,GKCSMXMRES,XSRJSPCLMC,FDUJUXYIML,IMWPXIOHAV,DMYUJTQZSL,XCFLKFKJBA,PQYTDLCLHI,MMCOIRVAJV,JLRBRPZQPY,VOOJLXBTPV,XSYLHHVBDS,NNGCIZMREC,CYMGCAAPIG,ODMMGREYKC,STMKJJSUIW,AYQCFOXQNR,YQPTDITTHS,TAOZMZGITZ,IGVDMYEOJD,JPMTWLKTTM,YAGEYNRRAE,PUXGQDTDLH,USZHUZZUUU,VLCFLSMSZW,WMORPFYCER,CZRGPEEUJM,WHBAOBMAGK,FXVZCSGGBM,WHJAEHYGGU,RFODYQXKAU,NIXPACBXUB,UDGPZWBNGW,FYGOLGSLHU,AHUGTYAYQK,EQXXFLYDKI,PXOBQWTPNM,STRYBCLBOG,BRFDXUMAFJ,OREOBYIQKZ,AGIDMLALFH,YVSBCFDKGG,WIVUHIJAVF,MZVUJCDXDD,JFKHGONBMI,CABNCLRQJC,IOWOZUUTKB,IGXRBPGNJP,RGCZOGOABF,TVNXCXCQJI,YNSLPLYGHM,DESDDDQIPV,UWZMNHDXTT,ZRTPMMHSIJ,FZWJKOIHEG,FSKGKZDJAB,EBAUDRQIBZ,KWLKANRQKR,SXLTEDYMEJ,ERHJXUBCWH,UQMSUDRROZ,YIZRMNLLCS,SIWTZTALBM,ELJKSRVZTR,FQXCOPPMQY,KUXAPAIKAV,PUVPCVWTLG,PTLUIXNUPI,VDSWXJULGH,HXIDMBZMBB,UOKYBNNKDS,RXACWIFXBI,QJEDPNFFIP,JZEJQEGULW,UGGJYKLMHD,FFOHNDEEHY,RSCKUSANRH,TPLVSXLLWO,VAPPHIQVPT,TNBHQGLZVU,
QBAIRPXHJI,MUWHHLIJGQ,QJRSPPFCBA,NUGTBYZUVI,RZNFCFOGVO,ZGIPIRPDRF,NYZDOMBMBQ,ZOMHKIRLII,GHQPTUBMMN,HQRWHDFBDQ,UWPSQMDBBH,QFVEJCCYSZ,TTJCCWCBMO,EPGRXVYVKT,OPDPZHXHOD,AMCTGCGIQO,XLUJLHBXDK,WBXLTIKXAW,ALWYPWRNTM,SIIFRPIMOL,QLYECHAYSJ,GBKOFDXGNA,CMENULQPUV,TMTQGQBXTD,WWTWSDGLLH,HLCNYWHVZE,VZOHOLPYFA,VLWSTAMPYV,DXSGRCWWVR,KJQUGOVJXG,URQKRFNGDV,CQDETQJZIL,POWWWCPPPR,ZLFCTWUUCV,VCWZOELQLU,RNKVICATLX,TIMHODKNRI,BNOPOUJIAN,XCZIBVHZHB,XXVYWDRDUI,BZQPBPHFMO,QGPARJADIR,STWMOBFTZG,JGNQZELFER,LTMNHHCAIU,HBMYLUYTTZ,TSIYOGNQCP,EMIIXUUHZR,OSTJOOEZRF,SKAOZIBJGF,UKGAKXFVUT,GPGGUBPHJM,CKDGYWDRPS,DOYBVOQROR,YFLCACEAAI,WMLGMGOSEK,YFZQGNKKSA,DAKPONUKAG,PINPYNPEEG,KRCELPWMFK,VPVFSBHBPR,RVEPMSRYSI,HERMFHEWIW,MMTHRLANMO,RBDLXGCZKD,ZDOVFFAMMW,BXQGIZNACS,GNIXSURCMU,MXYGQXMMHY,JIQMTVJXQX,XZSTPSVUKL,SYDIQRYPNI,KOVWEHVWBH,JBXLSQJFOG,RSUDTBGAEW,WDLMAAVEKK,DWZLANJRQX,PYGPLUROBP,SYXKZMIHUN,EDSACVSCDV,JJHDGOKZWX,LKBYJWINFF,ZJNBVOIHOH,YBLUGOJBRT,LDAYXNXFJI,QGXHYPXQLB,WFOGLVGHHL,UDSYJVMSXS,JVNASOXOCL,SSTPJIHIRG,GXBSSMHBBD,YBCSZBPHON,VBAATQJLYP,IBTNJTHPVN,MXQCJVCLPC,UPGXYSJEJZ,NSGBJQJEXS,QPCFDQGDTN,UHXUMTYYSE,ZPVWIGXYZP,
IUAHMVIOST,BCOJYAODAA,LQZIXRXIRF,PGDURGXLQM,DBBFFVSZAG,IYOZKLDVDT,BOJRYUPXNI,VCCTFCRCZT,IQAKUYNTZV,VNMZHDONBQ,ZRIDPQJTIA,TGZERTFQWP,TBMIUKZUCB,ESBDLFXBHX,NGIRAEVCCX,TIDVMLBVOZ,NNPEVUKLNX,WFGFFPOWSO,HDWXIDKZTV,JFFMWZXMCF,VAIMFEYVKM,PCOJLKXYTB,DWUQEHPNKE,ISNNMPPCCP,RLXYZBJVIR,PVDZGWIWCN,DCSMHIYULX,PEMZGEUMWE,TTERONIXUS,PIKJTCSNEE,UYSJLFPEBX,UWHLWPLNOK,FQCRYVJFLY,VIEOSOBXYY,HYWPSTOBFV,VYLZTQPUBU,AQXLGWWUVM,EKIJMFOFAE,PQMDMFDETD,LWVGIPFMWI,QGUVXFMIDZ,YYPCDWXCAZ,ITWVBRJXJH,OPGHXKNKLQ,ZSEICHIQYY,ZENYPMBKPN,OGAYKZJXUX,NETADTHRVK,RHYTWJONOA,NEXPYJDXCG,CANYZKVVIR,MFGWJPVXAR,CVAYJYEUQL,COSYWGVLDV,AFSKPETRWK,OUQIHBPPVC,SKRKDTUHIO,YIOWHIPUBD,JZKDDEOXQD,QOXKLLNISD,ONCSOFYKXH,AOZXHXCDNR,CYUTHZCMFX,LKQJCMUNFH,SEROCHCQBF,CDMGVFGLJP,ZDBBGURGSK,DTKLUZDAQP,SRQUMPALIX,HPELRQLSRS,CTAOLQSPLK,OQDBNUJMCL,XZZAWLKZTP,MCQIMZOYIT,AVRXOPWHQO,MCAOTYRZZT,JZJUOMMDGT,SIWTWNJGAU,XEXESIYZFV,GACGBXKMDW,JLLTYTKBDY,XVEXFONBZE,GAQWBCHVCI,NVGBODRIYC,BNKLEPNQTU,ELGQYHFWPS,RDBIJAHMDV,AGGJMLPKVR,DXHHYPRCZM,EPSYJUEMFH,SWJKIKBOXR,JQXERUNZYN,VVSVLTZEPX,QWKSAXZHHH,TBKGZEKMLJ,GRJAFPDZDX,SOTTFVNKOR,BDRMTGNGMI,AAABTRBRSR,RWMHWWSTWC,
ZDUQWDXQJD,HSCWOHHNAK,KNJWHLRRJI,ZSAXMEEYVW,YTOPDTRJDP,LYKCMSVTKB,DXWDUPSZMT,GNCGVMFWKN,FLQBJVWITE,DIUDIYLMRP,QXIPBRKPUQ,UQMSBSTGFL,RBNNVGLQNZ,ECCFGPNYYI,BRYKXPFFCC,GRSXLZIBUK,MJOKWIECFU,QNCDHFHTWW,XERHFENOUD,UWQGPLSJOY,VKGGBOEZME,OECCYVCEQM,QKIPECVJLO,IZVSAEPHNI,YOQUFBTMHF,SGXHKRHHHY,YGRWCWXEZX,RJOTUQJQIW,FBVSZXCOZE,ILPPNPGOZA,WEBBRFNGVX,RWNYVHLYKN,NZSJAKHROQ,CYMVYXSOPT,XOMFDEPELY,FJOYGLKJBQ,ZIWUMQPDXY,ZWEAVMNMWW,LTDVGAGGIB,HROLGBBFJW,XPDQNYWWCI,OWPCQBJTSK,WLLSFFTNGH,AXPFOMNSYI,JSRWEBPUUU,PQVGKAMBDT,SOEUIDJZDW,ALACWNHJDU,AYJLQPQNMY,UFJXIXTLMO,YZHTUQNCQY,KUNANKFEYF,OLLYKZFKVK,UIEFRNOXMF,IZKDMBQCWQ,SFVKQVBPBY,DLARIQYVIZ,UNZXKCLOEK,PRGJBHIEEF,RALNFMCULY,ZZAWRMDRFD,SZGQCRZHUF,CBEBHTKBRM,ZROPWVRFGA,GCNKUHPYLF,AGAYLTYKMA,XSXEOMQTSC,BKLQDYWGJW,NDNTBIGFAQ,WPIBTZGIMS,BLBUXEMHYZ,LPUTUJWSRO,QTCBTLQMRW,XITODKKALE,FACZZXQLOP,PFTZUYIXXB,UEDPXKKGOJ,WCIEWQNLHM,HZQBNQRVNC,TPCWUCVTHX,VHZABJJMDE,CRXXOOUUFP,LEGPJGADHC,NRNJAMAMWC,PGGLYFWFOT,NMUQHAFVVJ,GVXQATFGOT,CGHBPWUCCI,PJQBXYIBKH,SWWHPVQEHC,GDCKPXMSTA,DLXCIRMJOD,YZPTTJBMZK,HUQBZHQSOX,XDXOOPNDNJ,GNQVLMNFPJ,NOAVWYYMIT,VMFDVMQFMU,UNTVVAAJMT,IONRIXHBAC,
ONPVVUJRGH,CAGIWMHTAJ,RXNLJYKDRL,KHHIASMBIS,MPFBVPHFVI,EPONATZVDI,JZUSVOAVWF,DBVSFJDXZT,VCQHVAEODJ,RTLGMOVXZB,LHMPGZSOKY,BQDDGIQOWK,IGYGDKMAMO,ORMWXYLMRT,ENZFZNARLC,ECIHWKRQVE,KFMHUIDFSO,WAHEGRNCMG,NXJQJFQJHK,QMSLJZQEOE,HRBHEYTDBB,HMFYHGMVCH,OGSBRFCZZE,ZJHQEZOALM,WIQURFKMFW,TUMTNCSTVM,QNWMHBTATK,RGVYBROHOV,FUDIBNWNEZ,NSHMQGIFWB,RXJSSUUGEE,GDEOIIYSAJ,DWWLGUFZKN,WYQMQEXPBD,YKVBDSODMO,JAQSQSEBFN,FADUBYLPWN,TMLESPSEGX,UUSVZHTQMS,LDYWBGJVPV,QYXRWAZVFC,OJEDXGKTWK,YSEPTWKAXZ,ZQLUPTHZOV,KLOWWQDRAP,SENHBSCEZT,PNSXHKMUAV,KEGVZMAYYB,JWCJGCIJHZ,BZQGBRWLMF,HWWAMCFDZB,EVRVFVWPDP,NWLIIXRQUJ,LWXNSTFCRX,KCEUMOREZK,TGRCMJZSYV,TDPSGGOSTS,ZDCBJSFTUF,NONLUYFDYS,ZSMNYGLWDY,KTPDOPKURM,MMWGANUKLL,ECSKNAUWDY,LGTIMPVIGJ,OBLMWTZTDN,CSUNHZCUDE,APJFCTOGAT,KSXEWEERXQ,IWVGUMCPMC,SYCHKNGCTA,VBLIOCZCRK,JERBLDESZJ,RASGECCEIV,OOWRHIIKUI,YHUYHKCCOU,CEFCPUHJIE,LQNJHERHYJ,MRHPYBHEGY,IMOQSXEYKN,WOQPHPSCLS,THPLYHHKFH,YUIVFKHOJS,EKARDKYFMU,JKBGGPNJSW,BNDLWWWTUE,PZQVDDMIYQ,FHCMKFNKVA,YSOIHYWGPR,EZRAXZLIKE,TVKOUGJQCS,WQDYYIDSMM,ZOYAGIMOKX,WMAHBTCOXE,IHSVEHIPSM,LVDQRPCZOO,LDOMJLFFVA,ZUMMXRDULL,CVZNNQNGPV,TWKORUNWWL,JXGPXPNKBB,
EESTSRANQM,CBYAUAGLFU,WYFEOKTOPJ,LZFDUMBIXP,RFBSBGOIML,YOSNMYFSMB,SVEEGTAFUQ,OJXBHWYVIL,TOMLOZUXFH,AQJTHFNAMV,SPZEYBAJIK,LGCHKUXRCP,FJINBDUIKT,DSHXNUIMUU,JZTPZAAGFW,HXARJMRPXL,RLOQPGGNJF,EBAOMXLAWX,QBGILZUMNP,HVQZWKXVUW,PSQNDHIFAX,MACQQLFJEY,URJIPAFHCE,JBRMAIIRRG,VQXZFHUVFV,CVYRNVUAWO,XORAUNUAXQ,YFXDOJVRAX,AHODMZTWJU,GLUFLGPFBX,NUHCZBBTZB,WXJEIANINS,ESZNVYHGEK,MHCBLPVMRQ,MJDBTDGFJL,BUOTKFQXLE,CCDNVCSNDG,SIAIHTCVQJ,OXGBQTKWTY,YSNHEHAEQR,DAMOBOPJNG,JMSECFEHJB,OJHJGSONNT,QULRKTUYJA,HNQFMPUMVR,KJAAYAKKEF,CHZUXZGHGT,GYYEPIRJBW,ICLGGDWFHV,SOYBAAXJUL,FADVAEPPKN,PSPSJYOKVJ,ZFOCBAAXFB,YVXOVMUJEJ,UVEKPRTAWF,VKWIMYMHKA,IUGNMJACBK,DOBBPCRRAO,LLKQAZLBYS,SESFXAYGSJ,ULIJOJJZXQ,MWWKJVRYRE,KFOHEQKQTT,CBOXHJGUAY,NWCKBGGHHK,FEMNXGBZEQ,MNFOVFJSVJ,WAUHOQJSOA,ALJEPZEUMW,GXBUNVVHTY,APQBLPYJCV,SRPHUQAQMM,YMWGMGJXVO,AEKUXERCJM,GXHVYEUKBL,XEWFNRXOOP,YNPYBDMYXE,HAODGGKXEE,PTUCMMQXGL,JQRJWXNYRG,FHKDXZVZPJ,ISZYTSCKLX,FMZYBIBGLA,YAAUOLMGOB,VIJFLZHBRK,QGJXOXMHHE,OKTWFNJVXH,NQJDQHZVBA,WZRUJZLIFD,QLARDQRZVO,THDJPZPMLG,TNWIADIDDK,IKPGOUTRXA,QGNTMFYGEL,BAXKFLLGYH,MFMXQVPADY,TATCWDVXJJ,ZKWOQYMWQM,JEBMHQOVNM,DZECXVOZXM,
TPRSULXXNH,ENGIPYVZIV,LWCMXGAQIV,PNMCMOZPMB,UBFMGNPUEK,NUOJWCRYBI,VHHXVSXDOU,XHDMNXFBHX,AAJYGTCDKP,KKWKZCLAQU,GBVOJSBVPR,AXNIWOSTII,TSWFIVIBBZ,SPSNZGXFIR,IFIXYHLJRF,ZDEKFTTMGQ,ZNMRNNWKYO,WYHHVVEWDC,YNBEVEZCRD,AKKLQDVBZD,TDSPYWXZLE,TPADCTIECS,QCWTRDQPUK,SFNFUWBRYX,NBZWSOEYNY,YLOOJTGDQM,ZPFCDPXSDH,ZABZOJBPZN,NCCXKYZBCG,GVARYYOFEC,DZQULCGJLA,IGANDYEYGL,DEDBHYRSZW,UGJZITNEKK,PXWPNYTLGF,LRDSIXVXPS,BBELDNKOOF,CWFNTLEFSB,YGMXMVZMUI,JCGQJCDYNE,PZLNLTBPAR,GJDUBICKFP,BOYEQWXZJB,JDFGRHUECO,EKNRJBSNCQ,QGCDVDHKSI,ZKSEJZDDPP,HJFYLUEBUM,LZAKKSZVWL,QDJOCBMBCH,BZMDHMSDBJ,SNSPDXUNJY,VJGFQIYILN,ZHFUDJULMM,NYKJZYPDDQ,KTVSNJVDMJ,FVRKIGWZOC,NTDQZPGPMW,IOGOEOAMCP,YHKCIORZJY,SSVTKHSHCZ,KAJGXRJIAV,SVXGJHMRNO,MEKRCJYCLQ,DKIGEXHANG,TCOGFKSBQL,XOUIQGMTOR,FTDLTTGGFN,RQGGRVEDCU,NUFQHUEUDC,HZWJBAQBZN,QTDEULHZZA,UOSGZGRDGD,BEQDYREFBS,HBEFGDTBCZ,IXIMZATBAN,UJGWANPLHE,PWVGFODJNO,HGQJTMKTHZ,GSTSHMQBBS,NTYRNDMBWO,DWLMDGBRUA,DLQBUYXVLL,WISIDSOACP,DHTMSGJGAN,UEZYEYEZGK,RJTIKNOUYG,SJIUUXTHRK,DLOUCVBCYA,IBNKPJMLJQ,YSNKJTTLVV,WHZYULZDKZ,WZZTXZZZUE,IUVJVZVHMC,OTTRQRMGMD,QDWCODBIPG,MKDEYTDRUZ,NUDQRPWUJE,MHWJDIMGXK,XAJDPKILMF,
ZFMCMNVKAN,AVFVHJRPIV,UMIYJMXGHV,WJGGIIOWCP,ECYWMMNQIB,HHNFNNSSJF,QOHYYBXXCQ,DZMNSNGDAD,UZOEPWGOKT,ISMUQOEQDD,IWLKDRLYNM,YHEBMOPLHR,OPAJPKKQDC,ANHOUGMDZH,UNOMUPEHPF,LBFBUPXARR,BPPRMSUHZW,QQTEGVVVHW,DUFMBIVIHI,BBZSPJIWEU,YKBWWYJZMI,PXOUSGMKEL,UMFTBAHYPK,XWYOKZJFFM,OUEPLFQOGB,AYRFHGNSGV,NYFGYXDQWZ,TKPQHIWAUJ,WLEYQQFWNK,NWUJPRAAYN,WIDYDQJLHW,AFKKGJRLKR,SYYYKOBERE,LHYAVOKVWG,RJSVDXAEMK,SVVALYFNBH,NAGUANZUSI,NVOXJDBIAM,KOUSDWXIIQ,CKAQCOPJFO,IVRBMSXVBO,VLNPKPCIKP,YJNCQWSQXM,GUDWJFZBHY,SSEBBQEDFB,DSLWEJJOEO,UGGBNDXAHO,XCOQKJTBHM,QNDJCMAHFD,SYUBCJPHNS,IDRVDNKHAQ,KWGYPLBCUV,YWAMWNCFZN,TQMBHDOPRG,GULGOGPMLJ,NLHSKGPDWR,YRGNKMVRNX,ZNWXPTRGNT,PZVUAKWTMH,JHHQCUZYGG,FPWVKEOJVW,VZGKYPSLTP,KEUGAAOPYZ,EWHDVIIKAJ,EMRBNKCORJ,LBBBNPFECW,TFIAAJCQQZ,VLODUAQEIQ,NDJHSMCIJM,LEIVSLUJTN,VVWRUJDRTU,SNYLVSUELR,MTTBBIOHPI,BCCCFERXNQ,CAHLKIUQTF,VTYNXEODPF,NEMLTYTHWC,TBXCMTVTME,EOINXWHUFH,ONMTJUENXB,UOBAKAZLYM,QQZSNGHXJT,BXIEBRQELN,SBEPDHDIRO,GWXYDYHKEE,XGDWKVMPGG,KFNEVNJVGS,YQMMBXGQLZ,SAXVFJQDDD,YWQFVNKSBU,RSKYWZRNXD,AHXXAVGVUZ,VYHBXXPQNN,RMLYIOKDEW,MDFWYDHMNL,RFOMANOZJN,KXHRFLBGXC,LXKUHAWUTA,PTXNCHTRZM,HXUKOLITTJ,
JKEMYJCPDA,YYRELRWNOI,MVIWRPBGAI,KSVBLLZPFV,EGXHATEIHN,CVJMAGNSJG,DRBUXDUMDL,ETWJGUEEVL,CKDOTGUFJI,UMYQBLCSCG,VYNCDTNVRB,KQGMPZJLAJ,DAZUIKOAAD,EEXPGHWVOP,ZWCDTTRULF,IOBBTPUPTR,JWDPRTYUXI,NDDCRQWHAB,IYJNYZSVNA,UGBXRJVFSK,AJMLUUYZOG,EGFVCUOSRB,JHXWIJIMLF,KJFCHRAMFB,NBLWEHUPCH,OSOYAIHSJI,AVDXEWLKSI,OQWXHIRQYC,PZQNMGMTZB,GCQNMFFZCZ,OINNRZYPQN,ZWKCHPARDY,ZEHGLJOSAN,JBEBDVGFZL,EPDWOKLIFU,IZYLTXLJAD,CHHBACDWMK,ZMHHEBXNOF,GCNSJWYRXB,ONRNTOAICJ,SMMZYONZKX,VZYAIUDUXH,RGKDFCDHDZ,STXHCKQUQP,ZIQRZGHGXF,AANUVWPPJR,VLKONQGMVT,LWPWBKDQFY,FWAWLGTDDT,UGRPOCRAQW,HGAFAWRDKK,XFWNQDCUOK,IJBSTDXCAJ,WSZUYLSRRS,DYQJZXPNWS,DSTBFIOICA,NDSYYQDSDP,VSJOHHUHSG,IGOKCBZUIS,QTGMTKZPNT,MHXJBVUIUS,ZUPWNEQFUQ,ZUPUILJPIB,RSYWBWPUVN,SYXUCBWYIF,HQNXKZBFFA,CFDPTVKSFS,WMBZLVANBW,RYFZTRNGDT,JKQJIRMFQC,QHKXBJQQIO,FCAUGOIRRZ,ARNKGJKUBL,SUAVAHPLGT,CUHLASQXMR,SFIZYRSCVU,QDRJXSLAQG,QTYXRAAKRO,AWPLVOTQLB,WJFINEHSJB,QXYIKYPUZW,TBINYAWGEF,TBKFLEDRNL,TNLDEMQACX,IMXGWXQWNR,BNNTNXKVGQ,YZERVYAHLW,MKKMXUVUPB,LEFMYZREBL,HVYDBPFCCK,ABHZGDUSVS,TAMWEBOPWB,KFCIIDGDZY,CQKVRVYLLG,QBIBNGYSSV,ILFPQYVHIW,EEDQIRIEJB,CVGLALUNLM,ANINGYHTHD,GQBUZOSGJD,
AZOOTCPUGY,XCJWHNJXQO,XGJSXRROLK,AMGMGWUGWG,WXLWSTXNQI,FZURYTKZCS,WMTZRNAKZB,JQCLZCXMZT,OQWMDKBCJI,YVCEUSKSWK,JZTRJPHHCN,XUDQTBKYJQ,FYAEFLNZCZ,FKCDIKNHZJ,GIDIRXSHPT,ECSLGTDJDY,BGVGDJDVUA,MESMHVKLMR,QRTFMVPCNL,XKMHNQZOCX,YWWKBSTNWJ,FPTXKFHKNM,NAGQFZRZKW,MOLYLVCAFU,XFUAGGQWAB,FRMMRPYAVT,GYEREGYOAO,LOOKQSDZCU,FKDAOBACNK,NPOSJBMOWN,KGGWVQCTGL,ZNJWBJAZJU,QBPCCWWVKX,CFAPUIFTFZ,EZBLZPTBRX,VXBYVAJEAJ,NXBNODDRUH,WCHVVNLVYT,JRLBEXFYQF,UODKZIYONV,BZWALMBNMF,XXDWOPUSWJ,VFCZAQUOVY,OSBEPRTMDI,ZIAJIPFDNW,LPDJISUKRY,OZLTIYDQHV,SACDQILZSV,UCCYBCPPIT,FIEJHHANIE,VDMZSQJNVJ,PXVRMZEBWT,IYKSCUXKEP,GFUGHGLUFF,YWLEQHTZLA,ITEZZEGBUB,DTZXTHZFZB,OMEJRBFWWK,MFOUBDLQRH,MLIBDHHJOQ,PGXMMSKKNT,XRWQTEJQCO,WAJJJDNDAR,NVQIMGARYU,DTTVHXOEOJ,LGLXIDUAGY,QGNUIGZVBF,YOSLZJUJEM,BTOGKWPMKB,KMTCYWGHDT,GFGPLVIIRR,ZFJQTHFYOY,BSVPHAYJNT,DCJFWKRWJI,BJAGZDSLZV,KBIZMOGBQY,GYBKFKABUZ,NIDINFVSQV,MZBYCECLDV,WVCWBVKMFF,KRPJTZINYY,RVGLMVIHPV,SYGNYAMHRP,AALBCBMCCW,ZMWEACRHIT,FMQSFVJJAF,BLZRRBPHAL,OKZUIOXISN,PYREAAQXUN,XXPMUJGTDN,NWHGBUMBDL,JGRVIKSDXB,YAXNRVMOAW,DICGJXGVXB,XHAPEPKCUN,DHRPJEJPZF,XBFGZGSRGR,KOXBAMPJGZ,QBPCQYWBJS,GDHPTVAILI,
PORJGBAVCF,EHFLIVUVIP,KRMAMYIYHR,SVRUCVQSBL,TBRYPCZTUB,OAMWLRLLKG,PGRYIGUIBX,QGDUFZMTMM,VHZASRZBBF,CFISYQIMSH,PJCDWWKQUL,RPTRNQAJYG,SQDOSHMETD,ERGJPAXTGK,AKSVEHOOXM,YWDBDRNPML,BINVBKGCPP,VELYYYKYDW,GYXQEMQOSO,RVRXSMWABW,XMPONBUHCE,DRQUZSKJHB,LAIZSRNEAK,XCWLCUMAYQ,LWMJLPSNPQ,AHAVTTABSP,TRZIRQVVIA,NQZFJKGWUK,UIONCYNGGS,DVJRZYSXNM,HGJEZETWJR,GSILVCFXSB,QFZJGGOIAX,XTOIJKWIYG,DZXLPICPEP,ECDPYVEKPP,ZECDHAVCVL,CYWQNLULHW,MHBCIMQPHZ,PIUVUSQVWJ,UHURWRTAUS,BDUTVCMDEL,XMIJNHGLIP,YBNASAFZZJ,JEVMUVHPAQ,VTXEYASXKE,RFAIGHBCGI,BUCLLINSJM,AMLNVTCGLE,XVZAYKKHAZ,BCQNOTLZYS,HHZGCWTDMM,SJFPBIWQLA,VWCQJDCIEO,FXFBPAUIMZ,OSTNKJSAHC,QPCUKVALVJ,XCPGAXRSTX,BNCFDATFJQ,HTFJJASPUU,AHZHDMSCCE,SBKPJTRHZT,HRVNTXQTUV,PPQUXCMCBR,KWQLRJFSGC,TMLCYVPEAD,ZUIKEWAEWK,EKIFKHMKLK,JYOMPCLNGI,ILXTGMCDDX,TLSAPBWZBC,BEHTUSSRNA,GIEOEWGCNQ,ZXEWXCAPWJ,OAGVORMOTF,ZSDXKYFIUT,TWBRNTAAKY,ZHBIETHXMN,XYVWFGYGUA,CQJZOODWVV,ZJYBSIUKFY,QGPQGELODY,SJDYMDXOCD,MLVRRLMPJS,MDYWJZDEOA,CVXZDIOJWM,CXPIPVKIGX,YQQNHYDNFP,LVHCJLFBJO,IVPOXSAUYT,HRRIWJPSMX,WCFDFJZUUA,RKEVGNFSFK,KEYPZCBFQI,XIZCOPRVZZ,QWXCFFXHSQ,ACMNQHSWLI,SZBCHSMWAT,CXCVTVQBIK,NCPPMHCEVH,
RKIHXYCDXN,ZXVNYFWYZN,LMNXFHQOBK,ZVHCAULMLS,RIYLVGWYXZ,QKBYPJFWRG,GFGWATPIJR,BBLVETPGPX,BAFFBFWKFX,KZNINVAALV,GIDRUBVQJL,STWVALYTLW,XGKRAMJURP,WWRFHAUJTS,MZOGYGQJMI,WXWROCMNCA,IJWJBUOGGN,JOOXYXHVFX,KDCCJDEAKT,WRFGPCRHUL,BUXJTPVYLM,BVKOTZAMMW,OWXDONZWEJ,CMKLIHNRSG,EPOUZJPBNN,PJXEZFFPGQ,AWMMXDEGNK,JDUBXPTXZA,VYSTSOZTKD,APKNJUCOXB,XBJOGLRJSY,MUUCQKLVUQ,KWVNHYWQVJ,BHZNESWEXF,WAHGJEFIKK,OOPXQCOJFE,ONBGCOLNUX,RSVJYNFSVX,ILVBKFWRLH,LYPLHKIXEB,UQNEOCSLYQ,KLKACGSPRP,JAUWWODXWG,FJBYHONJXH,DECNWPQHJL,AYSNPQQQKA,DHWFTJFBNX,SAGOKOCPWQ,AVQCBIZZQC,KAORKMPZKM,HZPQPKCWXW,BPCKSXRVGG,ZHRFAQRAQK,ELOPSSMGZD,CAJVLCCZVJ,WXHAHGORZP,RCRVQTZAIS,KOQRMYVBJX,FMJBPYGLRF,FXRQNXMMZE,QKFSSVGHJB,HCZAHTGHOU,PXRBDGBEQV,MJRTBNPJEN,WRGLSPLFPK,YLACMCNFLM,CTQSLTBANK,OQHTEVSDVR,XDUZNXFJRQ,YYSBGUTDTT,VVCQFOSMKT,JAVOKVZDQO,OEIJCRUUXB,CTZFGYTTNM,WSGIMFIIDV,CAQECWNCCU,MNEZXMRISW,ZPXWUIBUWH,WHPAEWADTU,IKLKLQXGJN,DNMHXZFAUT,APVPNXVBWO,RNWIJCJZQL,VIGDXUYEAO,OJOFRPKKKO,ROUUHDHNRO,WLVERSREDS,JOUBNODUVM,PWCLZYNMHN,AGGMQPDNPZ,SNZSHNFIGX,QDIVIVHETH,CCCDDPXROG,QDUFAZGNXF,YGSAHDICZB,XRUCMIQZSB,AMVVWYRRHH,XYDFNOKOTD,SXKFKBZUTY,ULWAYYFPXQ,
RKQTJDRBOO,FEUTJFAXUE,UKMOCXFJNT,MYAAWDFEKJ,RHPLPVULEN,QPLIROVQNZ,QGEGIQEOVF,ABGDOPCCVF,SHXDCQKYFS,FWNSSQSTOI,APSHLDWCPT,RPDSUPGJRE,QOJILDYHRL,CZAHXXQWOX,OIOHYBXOXZ,RXHDNKROXM,XKYHOZLHZZ,YDXXUJQLCQ,FIPHHEMDFM,IZUNHXUYJT,KRRIIWVXIO,ICBOZLVPYD,NSUOWWFKTE,OCHGJJBWUU,IPQMZEWYLN,DXFMDQTXUR,PXOBCNFVDO,GJSPHPZRVD,ZSETRWRIZI,FHFSFVECES,LWZQOLKLFH,TYTPGNOKCW,GMEOOPJTEF,LBKQYBUDGT,SRVNBYEHMP,NJWXKDSUBX,YRRXFMWXJS,PGLORQNOER,PKQPUZZKOV,WVCGABHDDD,YYEWFVRMZZ,XPHOTDIZBT,OSMEUBBZHZ,LAYFQTROUJ,ZNGYKVQVJV,TATWXEIZSR,DXFZNASNXV,LRFLXHLXSN,MGCNUHPYWN,YMULATNIID,VZYRZVDPVU,JVLNCSZWKF,IYSSIFSIXY,BQANCGVYIM,MYDDOHHFDK,DROYMCQVUX,DVOXVSAQPC,EGJBCGIYQW,CPIBHRUSTT,PMRVCRJYCX,MRTXJVOBEV,ARGQBTOKIW,DLOKZXOFYG,TSLHJISGLA,ELJKNCQJOS,KUUSRTQHML,HFSICWLSBE,OKWKGXKBBA,OBEOXVXYTD,LDUWONJDIQ,JYUMRXCNAE,TWVZMCOZBH,NIMUGDKDQM,YIVXMYGRQQ,SCCZTQMBXH,TIBCCZWPVI,BYKMQADOID,SNPRPXRJDP,ZUBKJDTXUO,CLULWDNKGJ,BZKAANLDXZ,XRVFTZGTAP,HMJMRIEEVY,AIBIAGWGAQ,BCFYQOUXVJ,DHZLIVMUJU,JGDCTWXRUF,ZBQJFOJXTY,CNWXBXCXDL,CIVTEVNHAZ,SJVUGPZMWX,XDIEMQDJJW,QDRBVLUCTB,HBKBFZDINJ,KZHTUPPRRS,BTHTCSFTXK,YRTJDQADEK,UVZBXQGHVH,VWGFDUQSEL,XGGHJGJQJA,
AXGONCRHDC,UULGQHWWPW,MZJHQBSLAT,FIZKKZOBUF,ZUOZCBGKYU,ITECEXVKLL,OMMLJRPRXU,GMJDUHWSRT,HMXYOFPSBR,QWPILSEJTH,LKGTRJCULL,TYFPGFVMBO,YNZUTAQNOG,WZBXAFBODF,BPCFTSUIDP,AJYHSJKHWD,BBLURGWRHV,GWWVDIMWER,GBWYNNGZAB,IIXSXLYHGD,XHEATKKTTV,IDKHYRNIHB,JGQDWVNWAQ,YNCGTZKGGM,VRTXVXYIGD,QUUUFGCGIQ,VCOIZQJUGG,DAJXSLXOHW,SFRJFXZJPC,ZWRNUBEKNF,TIAJZFHJLU,RIXWWSRATM,RRBZEUBBGI,BYSKMJIDZS,NWIUWNFKZD,RRELZSVIAE,KCNXAYIJFO,CJWZSQQJCM,WAUABRTOAD,OGRVNVDZBT,HKSFADLWGS,AKNDFKAUNM,OSZCRGXLRB,DAYLZVJENG,RALMMNXEQE,SCBAVTNPHA,LKHDUZKDLI,PABQNDSAXD,HTDYPONPJD,BSENWJSWBX,FVWKMDGQVF,THVDPEIIAS,YMVQISPDIZ,NZGKJCHLWE,EAGSVYYZVM,TZEAMDWZTU,TMCUEKXTLK,HIWCZJLKHF,KCFHRHLPEX,WXWTZINFUK,AFIYWZCZZU,RCXKFPNKCI,XWZAMJOUJJ,TNCMUTZCAV,MWLIRKSOOS,REGIJMNYHM,JYWSAYITSY,VJDVXNMPJH,HYMCMWFSKE,BGWCWYZRIZ,YQIKXRIBFN,MAKVYTUQDW,UVIGWXBQDY,LRTAMIJOKE,IXUYXNFCOG,MEHTOCCKSF,HNKVJLWWBR,BDGINQSMOD,RRNUPLMYPU,QVWFLYHDPO,FHCISUSROM,ASLMASSUYE,XBPIFOYMWB,FTFGGJAJLQ,LDCFCYQWCU,GEHRKQLFWB,PDZRQVIOMV,AQDPDANVRN,YVDCCZXVDR,GJKMDMZQFA,DVUBUGBBKF,KFBOMQUGEG,FKEZKOVBZS,NBSGPCZAZZ,JSRIYMJLIB,TKJZYLIWCU,ZBLNHIOECP,OAXMPMQZYS,AVVFVSOZRB,NLTSZSMCBR,
ATEWANZJJF,ARFUXLRAOW,AAVDZTMXFS,SQBQLWQRYQ,SAGKQKEKEC,XPSHSIONPU,WYEXKLHALY,OYEVJBHGSD,CSSNMHWSQE,KWDMBFZMBR,GDUDAGVEFE,LJQCXJZPOV,IQCHBDWFUE,IRFFPOXTEH,JIQNLGUXTV,DGBNDFSFYA,HNRHQZSLXT,NACYYLJCMM,AUBAHDWMUD,YIUDUBKXUH,ANAYHORQIF,WVZFSHAWOX,EMIDNMLEBV,CVLTUMSFWZ,MPUNXUCFDY,VGTJEHYKXC,ALJBWJIFKC,KETUANXDVZ,GHLLRSLETU,PNYZWGRDDB,OTPNZSORUB,ADETNVCJLH,HEBSKMJCPB,YZVSFKZDPE,YMSMBSIYVT,MNTTNLIXBQ,VKBFNDUNLV,ZWKANGSAXF,QHCZKIYBDO,NXSHNCYPSB,QLRHOVTCBT,TKWMHMHSOZ,MSMZQJHNJB,KJJQGOMLKD,LHBENYPKTQ,SOVZHJKYDZ,MADPBYQDEO,PCXTKMAWTX,EUDGPKWLBJ,HHLPXKNKWD,VVRATNRQAT,DZRHFKMEHD,HIMWANOMQA,RINJIVJKKE,UJSCIMMAWN,JAOUMKIVYR,FOTFTDZANU,LUPHKUJFGZ,LAUGDWXMRX,LDMRKOEZHV,GBRMHEBYQZ,YYSXLFPHPV,QQPHZXCXUB,AOJBWHCAHK,VTOPCKGTUW,HZEIWOKSQU,XBVNMZDHVL,KXKUIWPWGU,CRLXSNHQCU,YVGZAGJEVK,BFOCJCTBPB,XYCIKKOJLG,HLXLIKALQS,PRWQWCRNFL,OXKGUFEYTJ,BGYJVWAEYE,RAQDYSZQWC,GLLXAFLDML,HBONVXDPPY,EWVXNCRRSG,BRDCFENQXT,JTFBKLWIRJ,TDXTNEHGPC,VLJNGKNVYN,XITABQPDOD,NCQOCMSZVB,AQWDNFHVGA,JPOQJBOSQC,RMBTTWHHPD,GEOVCNHIUM,MZLCZXLNAY,EWRRLKFFUL,TRFWLWPZES,IWAJCRZNWT,JQFULCQERE,JLSCINEQCP,TZVGCQAPFK,ZDHODGLIBW,GKZOVAFKPP,TKRYAITYZR,
CLQWDXIMAM,QSGTXQSQAF,VWVVEWYTCJ,AKRWFURIZW,XOCESIJXNZ,NRXJAJXMMA,YOWOVLIUHS,INAQYKSGXZ,FQIYPBQOWL,KLBIPXCQDP,EQCSHOCDKD,VWYUQSPDIJ,JJQZLDWUTZ,OZYOLBIEZG,SDXRAUKBIQ,BRDWBXKZRP,HOXFHKVVVW,SZSOELUZDL,ZNKNYEKUYN,WFMEHSNXTZ,JVMNQIIAAN,YFFUDWNUJE,QAVXINTWUX,XROKQMGPPL,MIFYANCIWL,WTAZBGPJKU,VPRWUWEHPM,KYIBEKIOCV,FQPWDQXHWA,LWYJIKTQKN,BINDZUJJVV,LQDSOKZIUS,AGGMCLSLZI,KZIZTVDRII,ICGIGVWVWG,KUJLPODJXY,WUQOJYTSGU,YZUNPXMLMA,TLELRNYPRT,HAMJJXLLMT,YLQHOFFMRN,XSCBOMOMHO,SIEVAJVAEC,ACRNFEZQFH,LTOFIJTZIX,CNOSHINYVJ,KNYCSWBSOI,LKUKBRIEZZ,ZIFMWWOECO,SIOKNNNGKF,OUKFIODVQQ,FONJWPSAEH,LNKYXRXJJT,TLRFPTCJAP,IPRFJRKSKP,NLTBBDYTJM,VHPBUQHCGV,OZYXCMKPHN,JNYPJUTULB,CICOMVQEGG,RZMLCUMQKX,WBQEESFHCD,RQBQECOPAZ,JDBOJHKNHA,TXIKTMRYRU,TOAQDRYEXT,DTHHBIQWMH,CPVWXMJZND,LDSEAJKUZF,MFEPKIFSHE,LSMZPUQSKV,CZHCEPQRXJ,UUDJNNKYVR,HBBYGQCFKV,NTNREKSHOM,WHQSNFHVIH,QPRYTRZSHB,XRUXQHWQIV,RNVDRAWFDZ,ERLZNEDPJA,WGGKCBVVCO,LUCJQJBAXF,BABPAJXBVU,NHTSMTOIVN,KAQEVNGIEV,PIDZSOVBLF,RWKWFILVTG,VAGGVKWXIZ,BDNCTNGMQX,SAPSVEHSMF,VPXYCIVEVO,ZTIFFNMTFC,JDKWRWERAV,WMBFTXKTAE,XMIHWDHQUP,GEJJXTNKUM,YLCHDGCNIL,RIJZEOYGKT,YSVMSEPIZF,WZNYTCFBWH,
UCEMMDJVXV,EAZJILRDCA,EAHNVZRRWC,VYFHWBXVMY,JBKMKXPGQB,BSCLDMNBXM,OJBXYJBRZL,ZHJEMLCDOX,JALLQOCYUO,ZBVVYNZFEM,CLCPOEVMUL,VGTZMYLHXH,RQANODWSOB,GSZMZYGGIG,OBSOOOJFUE,URCFPOJMID,NOXTLSXWSS,YIBTZQTLYW,KZQCONGNIA,ZUGJUGTFCT,CQIARMJEOT,UOTPJFDCSS,JXBYNDKPWF,UOSSNUWWFN,LSHUGKDUNQ,XQEOFZAYYI,EKTTADXIMF,XFKBBKWVXT,WZCDBETWMW,WJMQGQQZEF,PKWUARQDCG,DDSAUGMEIB,QMDIIVTLJF,AZDVSLBXGS,MKPWAXAPGG,JKTZSWIKOD,SEWYVKFJPL,KOMRFLYVPL,QIOHTAYBCO,VFDWIQBEXV,GWVEHRXNFO,QTSMZTOKQX,ZZVVZBBPRD,UFBWLGLKTE,OUTWQSKPFU,CHQMCQXTTB,QCDXLOMKMP,LOTHWPYVRJ,NABVAYMRAL,HAKEXLUPDW,ZAYCQXJCMA,VUVBJCVPJG,NZHQLHDWTN,KTHXCROYZE,VQCEXEQDIK,UUZVHCVCTA,EKJPIESJVY,SUPARNREIH,RRCPPKLUPE,FHYLXCFSIX,BFRTAEPQMT,PTQYMNQNVL,LKDEXSNKHZ,QRAYMBHNTS,HZYWPPMBIW,KWZHNXJINJ,ALCIDVBOMU,HHSKMAJXTX,QWLLKQHKQM,ERULLRULOF,WUCTBEHWWR,EUMPJKHTBT,SCICBLSOWV,BBBLWKQOYX,YZSHMCYVSV,RNQIPAKGJL,TDZKZKIDEC,VCOTWDYDYR,JAWBSRSFSF,NEDGBQUXOF,ADINVBTZPR,CXFGXKZULO,YGFFWJQIZQ,IXXIZJHACS,RHJEXONCGN,JYECFHUWOS,SHSKIDBLXL,JCQHRRDCCC,TAWOUOUSEF,FRVLQBZTID,OJBJZZNCOD,BKGJIAAWVZ,YROOFEUYWP,HOYDZSTKZC,EKDIEEETIN,AAEIBQQWXJ,OENPYXONJJ,HCIERHUHDO,AKWNGBFAFU,JGBBOQZBJL,
PIHCUKPGEG,AFWLRSUWBZ,PALDVRULPA,ZFCLPPELAG,WTBQUCKSKY,IAHEWZORJN,OSFTMNJHCP,MDNWTDYBBC,MGWUVUKGYF,TVJQQOLGCA,KDFACYIJFO,LPXZYYLNBQ,WRJDPMQDQH,SQBCTNBXQD,PSJLQSCZBY,EHVUHIDQRC,EHQIYMXOEG,AVLGZKXWNP,MSZGJGHBPW,LONAYSNQNV,MTDDMPCLAK,HOTSWMJVHH,ZRTZMGIDYO,ETALORKTAD,MXHVMZOUPP,DUNQBWJVPP,CJVREIFLYM,GCEXZKQCVM,RMADUKIAQN,VXYUEBFRXO,TGKKXEVJYV,JPXNLUYTCN,UAMNSDIUED,REFUAUDKAP,DFJUVUAUAA,YQFKUUZBJK,HCPQECPMQK,SKUGXJLJSV,FZNEMOPDOH,GYTBAEGULJ,RCKZDOADHW,ZFBAJZZNIT,XXTBYNVKAZ,VPLCSKBMXH,IMRJHDCFNL,WAUKQPIIKB,DBTACNMPQH,MAQVCONWNH,XTTPNAZZXE,JYDNOBEFPH,MFMJVPQSRY,MGJOROZUGX,RHFTHLOKQC,MMONPMXZLA,GMRHYJMRBX,AHVSGAURDU,AFFDUCCNEY,QCULKDYNZB,NGWFHWHUUE,LNPDHUDOQO,RUEDHKXMME,GHQIZLGDXQ,XKYZJEBIFS,BVODDMBXVR,CFTDIOQHCV,LIEKELSYOF,DOAHMVOOIP,RMVACSDIGY,HEBMCXRABA,UMTMIZKPKW,YURJCRFZXR,SLGIVGQFMO,RFPRARKQCX,BAFNNUAOJN,PWNSXEMZXX,QVPQPXKHEJ,DUFCQAAVSH,QQLOJQXGLM,ZVPHWDRCNQ,RSSAXZERHV,IYMSZLBOPF,OVYNVTODGU,KVEHVNWEJI,CAKHVJOQCB,OKLFUVJNOY,OXUZYLAQHU,MUFMQZQMQY,YFEAHOBVSP,OBXWHWDJCA,RCUNNXKNUG,OAPSPFFNOC,FWKXNLPWKE,VNAEOPJWBV,JPYRTCSJJL,DNCIVGVNWB,CMJAKTNQDT,DPNQVWCJKF,OJJLSQHVQN,SQYYMNBWCS,BPAZRSUZTQ,
PBMOBEIQXG,DFPORVQCOA,ZCLMMLGPUO,CIXEVVXGAP,KJYQVXOXHN,MAXKZHSPQK,GKTKTSRAGW,ZZDULFCOKB,OPIDRKAFEB,DGIQJJNULF,NKPMARKNJV,DRPGCFERJK,TEJAFVCJZM,IDEGKRLXWD,OMVROBAVUP,HAKAQUWDUU,BSBVDJRCIA,OYXCEVDPFD,JTQOGPBAMS,XSXGQXUHTB,RZARYOALGZ,KATMWBDUAS,CFVMCWXUMD,KQHVIRGXXY,EXGBGREOHG,MRBZUXNKYF,BGKYFELVRP,ZODUSYGFVO,ETDEOBKERD,OVQCJKTCTA,NYSYVZXQEM,OWSVHPJYWI,XCQLHOKXPT,FWXWFBCZMV,GYSAYLFSQL,QJIQPILVOX,FSCRCJJLUA,YKNVTHNMFM,UAPWDJGMLV,ZOIVKJVSJQ,UCOFECRPWT,ZLVWCGXDZF,AISWQCMCDN,TJFQLPDFMT,TQTUMCVOPJ,QOQKTLIRQR,XEPMJPLXVW,GVPHLERDZG,DOVRNXDGLY,JEWSGTTTRI,GVXRUMNEAY,ZWMSFBWMTQ,RKOYGTKVAX,WNAQYNEKKS,NLCFNSKLWM,ZWCLFXUKGG,ZEBRARGMBW,TTKFNANNPO,LOAHBQKPJG,GOGUULKKNG,YYBZCLCYHG,YARRAGYHST,CMLHVEQDIH,RQKBOVVUGW,SEZHMDBHYW,VXQYAYRUBQ,EZEYYGQVQK,RVIGYQJCSZ,SWUZPHHPVJ,EWCYFGKLNM,DCIZHXZNVY,TIQINPMDXV,HMFDHPUNVP,QEBZCZOHRD,RIATUVUSTN,XPWZNOZQST,EUFXXDSLEQ,BEIQLLUCSW,KWQNJIPMLA,ZTPQXQPRNH,WNZOYHSIZB,ZXHTCQUGRN,UAHBGFNDXB,EUWQLJMIEZ,MFGTPRFHPL,BAXBAOGDOU,PPMIIQOBVP,CIBMTJEJCH,EAKMPOHQAP,DCUPESFBBR,ZNOJTFLWWH,KQPXUVFYXG,GGQZLCLCER,OVYTFOLAAS,WYIPYHRXCL,TBDLEKSNGX,WXBIGLLGXZ,MSEMSIPWYU,POXAHQRUSX,INQMRZNZOD,
AGGRCIEXCF,TYVOZRVDZN,KGRWJUIQYM,NNUCCCHWQS,NJQWNOARUH,VMRXAGYDJX,COQLLBJEOX,UXZPNLZOLQ,KWFBXEBIVT,FRVNGZYRDZ,SGKQYHQIIZ,HCNLFUGLZR,VRPLIYUJWG,FGGDFTQYPX,MMLNYEKQJE,QTFKMQJWMP,MXVCEXHCCX,ZZTGTHTHFK,AZAKQYBNME,GAWWTOGXGK,INKLUPXECP,ENWXUZDYQT,ATEQKSWNCO,XWZSKVTNSG,NMSKOHFRLI,RRNOEQVYAS,FBDQJHINQU,HTKBNPLEJS,YFVCQGDJYK,ZENLNBKLHT,JVDYKANSIH,GGDPGRMRTG,QWOPEIUSVL,OPMRVFVDYQ,TQYOPFBCHN,BPGKAZMGVN,XUOPLYSTHE,XATWXBXPVL,LBIJJYUVIT,ERCKFTIQRB,GDVCFTFVSG,JSCFASKRXT,TONTRPOYDZ,EVDAFKTPMR,LFZFBVHMGJ,FLBXSBYQYS,HXZLSXPXUZ,UQDMOMOEQD,SREPEPKOUT,MFNAANZRQJ,CHTYCKBPLT,PEYRDGKWLA,KUQRJDSLJW,ROYQZGSENO,JMXURVPHPW,FFCAVMHNWR,TBHBUMHCRR,ZFQLIKMBRF,HYFRDQUYYA,SAIDTXNGHM,APALRMDRNQ,VYVEVTQAXQ,HJNHIPHOFV,NKZGTRXASL,ZEQNGUREAD,MCXNPNAWUC,IRRJCFVOZP,WFUXXLSTIW,QWQAMJVLHF,HKZWPWKFJS,GGEXMMPQIL,ZBENYGGEET,LFDYXACKGV,DYKUHBXVVC,JTOQZVVFVO,XKCLFWFUEL,ADBCLUQPUR,SYWSIAMZBK,YXTXZVZUGM,HGTGHEYCJC,RQTQAQUQBX,RRVYAYNZVN,QJJTKWYJJC,EEAUYATIBQ,NNJWYAOYDL,WMFPZAYLBU,GPEAUCBYUY,SQQGXNAJLU,JIOTSIKOTO,IKZYTAKJDA,OAHPAYRETE,XXWSZZUVLF,GZTKGWRZBN,JMWFPHOYJS,EOEIZGCAUU,BKFLZIXTCN,ZGRCHSCZML,LVMUHFBOEY,BYMAUXHFAR,EYPJZQXFAR,
BYMWVSLDQP,KZKHQNSZPX,NQVJPTTVSF,RHJSUODKDR,HJEFNQXCBM,RENYIYOOSP,QVPCEISHQG,SIDHGEPOPE,JUIPTPORWW,SEBFIATIWP,TWJBVLXKKP,QXWVQYRGAM,LUHHGDUVVW,XKQXOONLSJ,ARZBZSEMUM,THBVELRXFW,EXFTHDXWQO,ULOSDCLVTG,BXYPQTKCVL,CKYRHVVEVH,CHOHLEXTVD,YHEGDHJQFL,XJWQIJUIWN,JBCIDHWVEI,LGEDIYWRBY,LYPAIAOFNQ,EELGOFOBXK,AKPJJXZTTB,NJQDEZNXOZ,XSVQXTREPQ,ZSVJGRZKYY,APRIGPKEXS,JFBHAEODTL,RFFYXIDEMX,QTXXMNZXDX,PKTOFCFUHW,XCTSGKWVEZ,ZPRLHUDRXA,ROYAQCYDXJ,ADUBTBSHWC,VAUBQQDAQX,XCTMLSHEAG,GAQNECWHVB,EUSIMVCEQP,MLEYLGZAOR,VRJQYKOESV,BIXXBHREDF,SDXPVYLOXI,SGUPTQSMWJ,QKLJSEATDY,GSSQRLGFCW,DTMQJPFGNH,ZXLQRYIYDB,PSSVNTNRGC,PBYZWZKNJY,ZABWCDLGZO,WYAPIHNNYD,YRFXYNDKPG,WPWAFAXTKI,VAWQMRSYEP,HLRAFJXOUZ,OBNALGNFAP,EBZWZACUAS,RJIPSHTDPZ,BBOCWIVBNR,KIDLYSPSWR,EVTXCCTMOT,LZVQGVEMVA,VUSYFUURCK,BYDYOAUVGS,LJMSBJPEYO,ZCRLEJQYPK,NPAJLLJTUT,GOTLKYPDOD,PXJAPOQFFO,MULSUIVSDW,DVKBUZEGOW,UMMJXSBCHB,LMEGQCLPOY,CBPONTOFUV,AAQVWCEKVA,MAGFASOFNU,UHPIQSTJXY,QULSACQHQR,VSIWPQTFHB,CCRPONFYHY,JBUQQBHBIY,TTLHVSMPJB,EOQIOGGZWS,MIUHPRTNHK,QCOVYBLMNJ,ZZTQPHRJVW,RYXJKTXOLH,SMFDPMHAXI,VJUHFVTMYA,WKGEUYENLT,VDSYLZEEEB,ZEXBXMZEGQ,ERWEZJIMXP,KFUTVCEQJV,
XYWIIAAKNW,NBQKNCHLNQ,CWINRMWJTD,DUZLRAJONA,ZFPCYXPJBX,NTMFAMVIAK,UZLIRBGEEX,CZRAARKDTV,VDQWJRWCIU,JEKQABYGDQ,QFXSNJYUAN,ZJAAGBHVFX,KCNETAGVPC,NMSMGSAPXM,OHPYQKBFBR,WQRINEFJSU,RHORSVYIYF,COLFLVPVSE,FSVLFXOPBX,VNBHXUUCJA,LUPLEXFHUN,XMOKVGZRRN,GGMLKAASHZ,OZJOCMUKPJ,QPQHQHYYOK,CWPLTUDDBI,TYVPDZQSBX,HMEXBFPROQ,ZIXFITHWGM,NBYLNRJTON,BDRYYBJRFA,LALDOUNWIX,WGUMWDACZY,AQWGXLAJME,WUEWJKQJXC,OVOGIWBLKF,TOOLUWORDI,XNGCFIDTPL,NQXYIEJVZX,HMZONLTKRD,VWBKUPVEWP,RAQGTDHXXG,DNWHRWDPOF,DIPWXPBJCY,DHUGIXFYYY,NMBXQCVQCF,ARCPJBFYIN,RTSOLNNKZL,FKAYLSSNNM,RTABJQBTPN,MLXFCFTIKI,LAZOKZBVOI,QUTKPVKNIM,SFKULOCFEH,RMATSVIKTA,ZMZZFMCMLU,XOEXQYMKKE,NDHNDYYUXH,FCFUIZMNLU,VNSVYKZVNV,YMPSXCMPGP,TGLJUPMGAL,VNVFPATYZS,PKGLZQFOUD,EFROOGROGF,ZAKISCSHQY,YCGRASHKSO,SZOSVEGEXU,JVUZJFDXGN,XCFBCWFLLC,MOIPVHZCIM,KEOASLNVFX,ZNFWSAVNTU,ZXATFXPARW,YZKKXHBYNP,OZDBIIEDXG,MITBUDOQRE,YCJOREPHIO,IHEREUCRNZ,ABQOMKTZTP,RJXELRHMCX,KCPHRZJTPD,VLJBSWOKCS,HILRAONKCJ,LRFWNYMVNZ,TLDKHNFMEN,WNTBUQRIKH,CPKPBIFRWR,ARRYLTRFHI,TZWHLVOEVC,FJGPFTNEHY,IWWCLEMVEU,QYKTGANNWC,RGVJLAPWDN,HOAQFTMDIK,NXYGYGHOJJ,LWCBIMTPCQ,TIHFBCBZNZ,WMSKIJJGTU,WTTCFDNHUA,
KQRNIEEOLB,BLQLCHLWXF,NXHWYUBKLV,CYCJOZHVGR,NIDTAVGAJL,BWWYXHVHBZ,SAFSTLUMAV,KERRNEEKAF,WSGQQMWRWT,LPQUWUVPPL,NUQMRPRJFC,PHYNSLEEXA,ANJSVHTDJB,UGQFDQVKCQ,CFVUOMBKDZ,OYDKWSBWKE,HEBNYSABQP,SPCJQYHIBS,AIIUPWCAFP,SBUEKVFHIJ,AIEODABKUI,LMYKOKEWPL,IYKYSRVEQJ,BTBLZLRCLU,YIQDUKZOGU,BMVBLUVIML,WEHCEREOXA,QIVTHVNDEE,UVRDITXGLP,QQSUPUDXUO,TZASQTYKQZ,OUUSJKNYTI,AIXRVUQHNZ,APXLWDCTAX,FYQNPBIHUJ,QOPYIMDQUC,KCEMJHHVLP,AMAMUZBOQZ,FLPSLGDCQV,STVTCFTGHY,KTRRRCDQLV,FLMHEEOETY,OGUEJWLYLH,RIPODLWODL,HMTLHVHWRZ,NHZRVGJABM,PZARSLGFLG,CWFXXBBBVK,IJQVLQGPRF,EHHQWHCAXG,UUVWFMPHHJ,OVDNVBKIUG,ROIIZRJNCM,FGZJCBQUYL,SFHDCIFNUS,BGDKZASNUO,CHABOKGYBI,GYQRCLZWKX,XDADCMLCPZ,BNNEZOHDWW,SBELNULLNJ,MXDBXSZHXV,YSXFSPTUZN,FSIILWAWDU,CCPAVVRZCS,ORXPSHGGUF,DRLCFRMDOV,EFQBWFJGYR,CXMHQDNEPJ,QDWDBRSGVS,GCTODUFSZZ,VQPEWADIVJ,XRDORMKHNO,JPAPGECBAE,OUZIUOGBIA,MCNCTJAXXH,WXEWLKWPET,MGXZQDBHBD,ZOUJYASQCY,SLKOHQVTRI,KZOQIHHKBS,WLREPAUIAB,WLRXXMVJXE,HASTYTIYXE,ZXNQVOMTNU,LCKNWMZJZN,VVSHZEJSKH,HPELNOOAED,VNKPBQGZCJ,SROFDOHXYT,RNLXVTNDMK,APPNGWNXRX,WTXOYMTOJI,GLMKDQZVMG,ZRSIZPQQEM,DPNWGRCHYM,NZGFPGMNUO,SXVJNVLKCM,JBASDQQXXJ,MCIUKZVBCX,
AOKWDISPGH,TWNEGWUIVQ,YEZDMKHOQF,WMERMSVFGB,IOEULQHWED,DTOHYJHHPA,XLLHDQLOZM,ZUHOVKUIZR,OPMDPPSUKK,RTIMHYZBIQ,ZGHVNQSWFW,KPWBVTSVSW,IFBFAUBDSY,KOYICEQKDI,IUTWFOJPWX,SOZTQRZWBY,FMBSUCPJYV,EDPKPMUCAU,XQNPXSXQAY,HQNTYWHLML,RAWJSGYWDO,FWKJSVCPPZ,AMJOGOHGUT,WNWBVLMISZ,TCQSXSIIAQ,JBLNAJEJVU,OKTCIYJNMS,KMYGXEFCET,MTDKGRYAJJ,XTBDNGGICK,XJZMAVOGFV,UBRKPMCXJM,KXZBGTJUTQ,AUYGQMZAND,XWEXROVVFB,RTTBGBKRWO,OEUTQOGJGJ,OOSGOTIPLH,JHCVCSLSDE,KPTYMZADLD,YUHUDKTKUZ,ZZNSBUBACK,OPCGOMXJKT,QYBFGMWMTW,YQYRKYKPGT,RPCLLHQYUI,NHOMNWKDDQ,SVLGQCMOVW,NKMAJILNSC,ZUCWNRIBVK,KZGWAUJDDR,VJQAFWJVAK,CDMSRMJOAQ,KALBTWNXXU,PZKYNCIKNC,CQMYWCVRDX,QXRJTXCOUQ,FTRMJUYXDN,APQRYBNNJH,DPQUGKDXVN,ZBFAREGEBO,RBFDCGJLNB,EPPBEAPLTB,MOUALPZQBV,VJJUOCJMIA,SQQOAVVQLV,KPYQOOBPKJ,AQFRCTKYEQ,RBSNRDFSJJ,RAFDYIRQPM,CVZNUYLBCA,ORHBJZLTMK,XRPOPQCLVQ,XMDILACSVW,BCXWWNEQEC,CKQCHIVAQJ,DHBFBFJCYD,GQWAWPLGMB,VWGISQIXHZ,FPIVSSRAZA,XCSINGILZZ,DQMFMMPTRV,BLZRMYWILM,FLIVGRFZEZ,YDVSHQPDVV,OSMQXJRLJH,JJBGUIIIPP,ANEXNEWAEA,YONZKZXZCW,RKCXIPXVAY,IKASDNRKSD,DIURBHVWIY,WRSALBYWIC,YAVWJLKEQP,VVTGAMJUSI,YJXRKFSQQI,VHCACYCPOW,TYNLOKSIVP,AWTRGTWIIN,UMFPNPABGH,
LAKRZBSKDJ,NHABAVQBAD,QBGDBDFAQQ,LQZWJYGOGR,DZBIZUPJBQ,KYKSDDQOQL,XCHSLZRAEK,RZBEWOSVZV,PHIUWFBDGK,SKAMCBQJBV,GSCVGBJOGT,HVRHAJWYYO,SHCNNBEFTV,ACPUFAINKM,EGUORKSAWG,WHYNUQXSIC,DOUOBJRYOD,FUSTDUFWCF,NODCZPXQCR,EIVZJWYNBK,UQIFNPECIL,EBQVOUZAOC,PZARVEXDCK,HOKDGSOQNM,CONKDUGZYQ,WCVSDCHMFE,OUYVWLEPAN,TBKPJXGDXS,EOYPKKVCZV,HKYOFSVVII,XEVIDAUSVE,XPVKDOHCCH,GPDKWNFTXS,TCBOISVNBY,TMHFUMIAQT,KBXBJOINLE,UMDWUCBAXQ,KCNMHNOSWN,JTTYWAVAJW,IWYIXTHWMQ,CGRZPUIUAD,OLOMJOCESD,SGYAIGSUPI,CRDOZFASVJ,SIMUIHEYTA,NYKFXNBPAQ,LPEQXHYQJW,JUQBVMZINO,INDUYUGLYH,TBJOSAJOOU,XCDHLZGOLA,NJTMUXPRXU,XOQCUOXFAF,KFAKIBVDEX,EOBIDOPVSP,MHHSNJXCND,IEFVDTXDQX,BMEIFIOEYJ,GYYIMCNTRX,PXELBDEHOI,CKIFKDAVCB,KOOCQSKRKC,SBBJWHEJMM,NIYWFCYBQH,XSSOYLXZQL,XIIQPSZDPU,ECGEDKQWHD,BSFMLADIGL,GKTGHTJGKJ,WYIKAKNXOR,MTNWNJRALQ,THMRDXAFJK,HMQSBFCAZS,PJAPIHAIDE,JQLFRCMSTT,BRIEIRNBBX,NJLLCJQPCD,ZZHWXQNGCE,NDNENFMSLI,CFZILUBRZF,CDJGLMRHWH,LUSITQKKBY,VHELSMZNEU,FPQWRUBLCE,VUJEIMUVUF,BZZPOPCODW,GDHWQBIIYH,TQROJBWWAZ,BTDZMJGCQK,VONXEDVIQW,ZQSLENRXBQ,XRELPGGAXV,PZBVCMJSYD,VIMVFKHEKT,ZJZRIJHMGD,HRNYCXVVSH,VXGNJXKTQY,OFNWPLOBDQ,FLXQABQWWW,LUGREUWFYZ,
UJWSIWISXL,TAWYNWSQIQ,ICMEZHNQGD,ZVLQMCQOIT,JVSIPEMFYK,IEQZZDLCZR,LJSUHJPLRJ,POPHKPNNDW,TFMHZETMFA,OABGVJVVRN,ZJGWUHCIEU,ETYGARAYNT,CHZQPWQXFL,RWENBJATUV,GZMVLHQUWF,QZNVUQRGBH,QOIYUVVEVP,OENWKSMLIR,SRICFPMOVO,YIITEHBYQM,ULCVUABEIB,SSZZGRTGJJ,JXWZKCGABI,DAFSLGHOFD,OQUVDYQDCN,ZTRGMWQQAG,ZHUAYPSZPL,ZYTINBZUXU,VYCVFCXBLF,MBUUFCFZIW,NCKVEWCYST,AUCDZLPFKF,XPKFIOIEYK,EKPEALXHIF,QHEONELDSB,EUPXOWDRTN,UPDBJEXOTX,PNCFJSCSNZ,RUIKXALCQP,XYNYYQJDOF,QXNVEBXSRT,QTVVOBTIJD,TWCIJRAHRT,DLURAKIXPF,AOTKYJFGQD,VETMPKYWJC,FXLDIDOQIB,UBFKUAKTBV,MOJVIHQAFZ,WJPUMEMZRE,DYSOOSDEHN,NHFOFNJIZQ,QYCBLVFYNB,VWLNKAGCZX,IJRDBSYTHG,TOWWAIJYGM,AOGYZZGFWI,GVFAOFHPAK,BBWWSKVMST,BGSOMVIMZR,HEQFEWAJQV,XYJRYHCPRY,NXWPMBKNGK,PLHXXQNYLE,OVSNXAXKTG,OKBVAMXVWW,UEUBKJTYPZ,XZYBESPJQF,CVBTULHQYS,BEFQCWRCXH,DXKBHUUTMO,HBTMSIKOXJ,ECFGVADAFZ,NCYPXIUVUO,VCNVGUMUVL,ENJPNKKYXF,JODQXSKVLX,RCBDJGRPND,DZGFJJRLVP,AWQEVQVVVG,PRYAXNYOTP,SOONXLVMDE,XOWJGMAAMB,WHAWBVWCAU,FADKBPEYXL,BCAANPCPOW,USBJWRTCZA,THCDTAZQIR,PJUFIEYQBF,MAZEHGXIVG,EIOOWXLEGO,ZCSKZMPNIC,XTFJVPRKZP,ZDQPBSAHAU,ADXOQCUBFH,RESXDWDIKN,JTWZNGHTSZ,BKLWYINTWZ,QUBWNXGFZH,AEIOOLLRPX,
HPMOCMQXUL,RIMMPWNJVL,CKCKDFJWSS,MPTJPJLYGD,WSEPNBOMSS,OBLBVBKMTI,EIKXDCQRMC,NKRNHGENPI,IOIIWYWAFL,NSIPZHCABY,PBHPLWEDDL,ETGUAQZDXM,JZSWNSWEFX,ZISBASSXCK,KUPDTNLQWJ,BXUAHWPMWJ,AXZNIWMWXS,ZGMRGOJJTJ,CBPIINNPJF,OGZFDRKEWY,SNCXTTXPOJ,IHFVVODOKF,TYTDBFQXVD,OFXTFGJGLR,NKEASSYOGV,UGCHZDJPQX,LXLMWDQJXM,TXUEPYAYKS,AYMRJSGVXS,QMVZJQNSDY,IIECZIASGZ,GEBWSVJXHH,COJBWJHPJI,GIUSATCVSX,PPOEGXEJVO,GYHVIPMYRD,YGJXUZZZPN,UTSNEGZTRL,KKXFKEUEKX,EMMKOAYXFO,VSHFMHQSCT,TZUYFXOIRE,GLOWNHRBUB,ZMUXVZBQDL,NYFYFECFIH,XVAYUMSVEC,AKIABMXAEP,PHVAEQAQWX,HRMCCUHTPG,LCZSVROXNL,KJGYDDSRZI,ZAZXBOYTBL,LRJDHVSSDG,YLMXRJLMHV,AOQJGRUUAH,PFQBCAIZSJ,RFFJELUQIS,NTENONKEVE,GOGOFJXJOC,UOZLIRGUDP,NBWXEAPPMS,CICOTBSPBK,XKPJRTJJJG,RXIPDJZMAF,XHWDSFFUIV,BSKBEZQIUT,MVRAHWFWMW,NRQPJVAFLR,VZIAQVMNFF,ISUYEXNEYD,QJBKGVWRDN,SNIQICPLLI,OPAOYCZEGC,BWRLHYLRUG,AIDPLEFTGP,FKMJAKXXMI,ZHINHRPWCR,OEELVXQRFU,DDKJWVDYHS,TBFVNSPORM,NQHPVLIXAD,YOTMRTLQLD,PGIIKOYPTL,PWYUBIFPMT,NQLXJJLRAJ,CJUMNWLEGY,DYEXHTBVLT,IKMRZWUYTG,FYMZWWEMMJ,NGKWGSULOB,QEFYIWDSLT,XJBVUXGRKR,XPYOSGNWHM,BAANLHRGFH,GSFQHBGIEP,RWSJXTFZUZ,YNHYHRRYSU,MKRCNBJYIK,FHZLPJABFM,TEVGSAWIDQ,
YINUMFCTNK,ZKLCWXMJVA,DONXLPFJRV,OVFNSCOUHE,ZDGQFXWURZ,HWZTLKIPEN,VBHJKYXZFM,PAYPHPWCJS,CUMTBAKKNR,OMRXTQOIQG,KHDJNTVIXK,GUACTHTSRH,NOMPQQSTLZ,MLKHRCISKC,XHILKOASWB,JXOIVYKPLP,MZZRPMBADA,WVCNYYHTNT,FICNIXYMDZ,OFPYTBXJNQ,FTNZSKXTCM,KDOVREJMMQ,ZVHVIDBWQE,WXOHOQDFEQ,NSDUULCHYM,OLAZMYCQEH,HTGPIDCOJR,VPLEUSDMKS,YVHAOOWUWP,FXRDQZRHDT,DBUUMANTYC,YWPDVTXNBG,AOGFMNECWQ,LAKIKLFMAT,PNQZIIVDKL,MXYQTEJPRP,APGTBWEDGO,CVSUKHNWAF,RANULNDSXJ,SIIJVFQTXG,VLRNNRCAPE,XLKUUKQAWM,GKKVJJJRFE,LHDEIJLDXN,VDHKZYWTZM,FQIHXGBPHF,NNKGRPLDMJ,VPZRDZAIRY,VAIGKVNVHA,NIXDNUEQTC,PKUOLPICZO,BCTHOSTOJY,MQLFTCGTBC,PYHRLJTWFH,KFXYXDHZXO,IYKEGCHWWX,LAUDKCMMLI,AQSRHTPITG,UHPXVOKOGU,CDUDQKQVJH,KTJDOGIAHM,BLKEPPCSVG,RYOJMZPQGE,SBFOFXBMNT,IXQNHCRFJP,NTAFBKJNSO,SPUCEPXBRW,TXNXKYVWDC,JTUIVSUWIV,XWSGQHPVWW,IDENWZVBLG,XEQOCYHVHV,BCFKMQPHRJ,QXNYHSVCHH,RWHALVHLAZ,WPDWYUAOOO,VIZCHNGOMH,FCWRXDSVNQ,ZGVNFKJBXI,QAFSEEFTDT,HKOZNYJVHX,IFMETZAZQS,DHDWBXNFLB,NIWQYIRASN,VYSAQRJFTH,AXIQMXRIQF,XZSQNFGLTM,WBFNGAJBRX,EQHDGMUFQH,DSWQACJSXH,KUPILKEDPJ,PKWGDDDLWQ,XNFRETWDKP,UWXJGLVUPI,FHJTPQHKWF,MBTULWXRUL,BILAGJQGUV,CVGQDLIUEJ,ONHNKJDXQP,VCAVTNDCGZ,
ZONKLAFLMN,EZHOJLBPXO,KLLHFKHFYQ,LIUNZKMGGE,CWZRVYUMFB,OXKXIPTZAU,RVCARTHHZU,RIPQMXVJEM,RNZQRHLBVW,ZKIOXVZIUL,HXPAUXTWNQ,TGQFDLDYEA,VPONHYIAWU,NYCUIRXRZB,RHWJXOLDFY,GUVHADGIOZ,UPAMEAEJIA,VPPBNFHUEG,WVWLSUTOJW,RDKKDEIOCP,LOUHPSHCOY,BXZQIJAYBQ,GTJZIOAMFJ,CKGPFYTYCF,BRHAHVZVAM,OPZHKVPZCC,EUAPPIESZT,WZMJQXOKRV,JHNCVGTSOQ,SQOWISPQFV,ACBOXZYWSP,YAHSQFWDFL,BTSTNADCTU,UMSTDAGPIN,EEZLBJMFRB,AJSJMXHEUE,PBAISUCZXY,XSJXMSIUCR,QNVVGWISTQ,XLQLMZMDID,STFMIKMQFD,RFWMQNETOL,EWJDGRVWNV,XEVGJBEKFS,BHPVPPWCMX,CPUZGJSZXX,ZJZJZEEPGP,FVFWFEQURE,XIFJKCPKZX,BJIPEOHGVS,BBDICYWYDO,XTOZKPZJTB,AOXWSQCQRP,YXMVQWBCWE,JGBVMUXYSZ,YEXYHIZOQN,JUEPPFMVYM,JBECYVSOQS,QCLEASMQXH,SSOYPZCHUF,MJAHCPLRMB,WBRWPLLNUF,UDGSJNBHPV,RXXAPRTRWZ,VIOWVIGLJD,WMSJILFESX,MKGDKUYFVZ,EOSIFMEWVA,TUISNDQNYY,STKYDLCHQP,RWPUSCUOUQ,LQVQBRVLVW,GZQSRHXNHO,SMJIGNODOJ,AZZGOSWIAN,DFTCKDFCQV,XXXYKUHIEC,AVWLZMCYGL,LHVGNGHLXD,DOEFLUHFJP,KNNRSZDXOS,DQTYRSNHQO,ISKWXVBAZJ,DBIPUTUMZY,TLEFBYTYQE,BKQHSYTJCQ,JIZMXTAUHV,BGKXXQSHKI,JWKBSHUMHM,HBMJJEXMVJ,NFTKAIPLZY,OYFBCUQAZU,EFCJDWTBVP,TIZJAOPEAD,HXSYQJVQKZ,QWJXIFNPFA,YCKIZTHGSR,LDOBHBUXWS,KDRSYRJPRD,BLHBNVQHVN,
LJKXASRKBU,CUSENVLDQN,NKZPTBGVEZ,RBUJUYEIZL,LROYWFTAUE,PFHOQGZBQT,FMSMXPKAGX,VWKEOTNDJD,QIKEPXRIQK,LSKPRXSRDY,UJSIYBSORW,JBMPVSRLKH,FGJHIYTRYW,LJXUZKOYNK,BOBADZVZPX,KZBBNMNVHT,AUFUXEHEEH,ZDPNOPTKQI,BEAEQGPXJO,MONHWHARXM,PSXLNCURBA,QXLBKBCNNJ,TTEGRMWROZ,CNAACZPVHB,QUNWMNIMOM,CPNJQMJWKY,ATWKYRSNVR,ILNHRUMWCR,LTJQTRKGLS,PRFFPRJJOC,PJVJCJODFL,OKZENLKIVQ,BAAQVBODVI,YTFNGIFJVD,BMCFOPZAFP,UVYTGOZTWV,WZUCXOGLVR,DUBLRUOCYJ,ERWVFYWMSM,VYKKRGZSCH,WERVYFWTKL,LPGNHOSDVZ,DNSHVGLOIE,VBPAKBWXLF,GUVPFEAVNI,OSZRNMALAK,OOMZMVRGIS,SDLOOLOWRD,XBLCZCCIEL,QVDABYKCLY,LKGKYMGNYL,BKWAHHWRMQ,NWVLFQPFRC,ZKFMIIGBMX,NWALQXWECT,BBEJRLBESG,OLMFKYRBRI,EVOYHHVYNE,WGEAHDAUJL,LBVQPQFNWJ,IEKTOLSOLW,LSKYNBDZLZ,FMWSSNMURM,BYHFMCDRJM,MBISVPZVGP,GSIDVXPTXS,UFVSNAORTZ,PBORXNUMWU,OCMOJHCXQN,JVTLHJSNRF,ZTBMOGDNCD,OLHISYGIBR,KLBYPAUFWJ,IVWICSRDEX,GPJZLLVECM,JBXFLDTTAG,YIWYATNMDM,RNDXDJRODO,TBUKHNEQWG,CCVZDQBZAH,HFVJCAXGHY,NMZTCQZDSM,QLXVCQNYLC,EENVNFRBPN,VDALIFDAJL,ENKMUQVMUD,IRSXEOABRY,MSFUONYDJS,AJWEEWWCBK,RBKKKYMGLD,MEXGDJVKXG,SBWIXBKEPW,JUIVBPKSXL,QLDLWSPFJK,ECCBXLOGJN,WIGXKYBELI,NYMHTEGHSD,TZSXJJEFFB,JCDUDICKJK,CFZGRGPFNJ,
MNIZWONKVW,OZBZLAFEFX,PQVVNJDUPD,ZDWDJPOFHZ,PMYBRZAMDP,SQILUAHFIO,SJNOHSEXZT,JMKUQBFQEU,CVEFVAUGQP,HZZZRDBDNU,OJRLADEFTJ,UXSSZCPITV,JQDYGTQLHB,ETANAMUDGS,SZGZBHUVYJ,HENKWXIEVV,VGNGETUEOV,HXMAGJEMEG,ESQVBQZHAO,YLGQCMHTKV,LMTTENOLAR,LHNUAMIQSC,ZQDLYPOLWH,NJWDZRORWP,YJJSYLQOAZ,WBXZOSDZRK,ZSTWDEYMIS,FRRJUCWAZE,ZHESTSZXJT,CTSUKZLHDZ,XFSOSNHZLM,LXEPLYPRAQ,LAVPHGSZIY,PEQBXHVPNW,WUFSNHHTYV,NCTQATVYYW,OKBXJCGXBD,KTGUMSLTGQ,NVBZVLRUNM,RFEKKEFJZJ,OPGLRDMGSG,LZNOPHVRKV,IYPSSPDQJK,MZIEGGAJPD,KMMQCYUYGS,PLDWBYFWCK,CQMYPNFWNW,FMOUEENFBC,VPHXAGGPNS,CTWYPNJREA,HGPFPRYVIQ,GKQYUURPOY,FYIFLALSCL,LOTVREZTMM,ZJRBVPXSOG,SMSRFRIZLW,EGGKLEIJJO,UAUFKTGIFW,VTJYJBJOCJ,CLAVYCHXGK,PHRPNYVBXK,CHBNBIAWDM,FDPOBXBJFQ,FLBMFXYOBT,FQFZQETPDW,VVKWLHBSON,QXUGKKFYQX,REYVOCVOMT,BMIWDCFWBE,RKMFEJGCMQ,HQAFPHCYYZ,ORMXTEEDEN,PCOEZPPAIX,VMAJLJXYVY,XWCDGNKTUG,WZEFGCDNMH,MLDYCJVXBV,YEBEUKQXTI,RVYOJPYTST,DPRVUKOQIA,PHIEUJEBUM,NPSDNRVEKQ,VGKBIAPPBT,IPUWVTXKBI,TTAUMEODNM,RWHQTWGBUG,JQZGDLNKZS,FTSAMJBCZK,DGTLWZRJOJ,YXOEOACTAH,BFQIJISTJY,VBFDXCWJTD,FYOITOJHML,KHHIHIIVYK,BBKRZXXKAM,RMOEDUOZCW,RFTJKYIDGU,WIBDTUFQSD,UJBMMFSXRY,BHPHRMMVGR,
VRMJWALFKO,QFKQEYPFIN,IXHJZPDNHS,KNTAYKMIEH,IUGRVBYQMB,NGPNQDSSTQ,AAYIOSKLBE,MKUOCSFHRM,UJZWOJZSRI,EPIAKMXYVA,YCMWCQEIXQ,EGMFJRCLLG,GLOXRUZJGV,DGDYIHDUGE,HOPXTEXFUR,QDWFKITWRI,XABHSCVCKE,YEXZGOTZSC,QRYMKGAENX,PPPUQYWXRI,ETUJKDCVOG,DFDVRWMXDF,ZHSQCMNTAY,URJPDPGNNP,QOQNVQQFAF,ETVRLVGUHJ,CFSXYBTCVG,FEHYUZHPOA,RXFLYTAAVZ,RCIICWFGVB,GQIPOHZVJV,LTPPZKPDMM,DPRGPVXPDW,UBIZGMCYTS,PDKWNYARDV,CLYFDKBBTN,ITTNVIQRAD,DYMWOIENJP,DTHKFKUQDP,FCIZNNTALD,JKIQFFTEIO,XGHBMYHMIH,UHOFOKCIWC,GVPSHMEKDH,MMYZQLFOFV,PZJVENOAVN,DNTRHGRDBN,KAHOGTJCEE,OOQNIMCRRV,GHCXACDYFL,EPPTROZTEY,UJPQFDDMVX,SKXSMWTUMJ,AGPKUSDIDR,BWHKSSTBSK,RSFEPKDFNQ,FUFCVYEVKJ,FQIOHLVGUT,LNCRMIPMDP,YGTKLREMZO,VKIEJGJFGP,XGOQNYTONF,IACHVCZBNF,KRJZPSYPEB,GXFBUVSZRN,RVGXKVWSNU,PGCFRFFKDQ,JIXTOTVHYM,KSYDDFLWLZ,WAKLUGLGRG,QZPEJGRXQA,PXBYNUNITR,MGCCWCVXIJ,NYZLYCCXJD,YRBESUGEVF,RUHGTFBPHW,WPPXBBXLAI,HHUCNOFXFG,SFLRTFBSKM,YAYGGYUPIK,HXEHUWJRVN,NUVHEAJEAJ,TRSEIXQRXC,IJKMUIMMJP,EGXRQWZPLB,OHMDQUYIGP,RQRHJGGRRP,VTOUHWBTAH,SXYBUPAMQJ,ZZVMRYHWLK,RIMCUIMGQW,AKFYOLNRPY,FXPDJOGVJQ,MNXZCCWTPB,LPYURIDVUU,LDTMPVYRVI,NSPHYOPXRD,GKRBLCWEIX,BGFDLGCLLY,SNVFWUNTOS,
VJMUWPZICM,HRYTSBDAFZ,OVCBYRLSLV,JGKQOGKDDF,TFQZSXYFDO,JXDSXXUWCV,LHDUXNNVSL,FULSTVQUWB,UANPSZKDMY,RBYGQGBFZA,OXOBSBPLBN,RASOEIMIFE,VTNXFAHQEO,KSADNNMRSU,IFBPBOMAIV,NZBVCERBSH,BDUTQSAHEV,OIZTBPZGGM,NNZYMENUOA,PRQYLCNAJT,UYKVFAUJAA,SFWDQPWGGR,FOOSDLMACA,ERHUNJBEJV,WZOWWYTJPS,VTWHDOCWEP,MAJKKOMGWP,IFOVJTXYGP,EOCPXJDCZC,EGUPEPINJD,HYOWXKUCMY,JMFQMSPTKG,YWCTIRXWUU,UQKCOOMVPL,KIHVQZKWBN,PZLTHUWUTL,ZJFYRRPRKV,YTZKCMWVLI,CDUQFRAOZH,JXUTDXDTLX,ABFISFTQCZ,EMKYCTTNCV,EDFRKSUGKP,NBZDZXVZHG,HABLNPHDQF,IRGURKDQRD,JCGXYKERXW,SAIHWGMKYK,YOWXUCXWYI,YVKHGFJJEK,REATZXTUYI,KXFEKEBXGS,ZUZWEFSOLO,JUSQOCJFOG,DJACOREXRG,KQBPGGVYVJ,NNGHHOBOYT,KTPFYSJUES,QXTYUCMTRJ,MUJWPAWCHG,WUOQXIZNLE,KQIBWQJUWA,IXSTRWCXLP,JBDNBFCPRW,XIJZXAYRYT,LMWLZRIDNN,JAUUCRHGDP,VEKRKWRWMU,BEBADYUXHD,YEZTWPNKSZ,CUTUNAZRVK,LWCNEKNCKC,BQHLKSPFIE,GLLWEKYMOI,AAIXRVXGVA,MTBCUGOQKB,OCLMRLLIKK,KVWNZUDWFR,VEABNIXTMB,TIJQZNXDFR,QOGMQMGNMF,LJKNCUYKTX,OZMJLSPSOQ,GZXASETFZB,BCEPGHWXEU,IBKEMBRMUF,MXRCNCVZKK,KZPUWIIXZJ,FZYXTEVLGF,WVKAKAZUGN,BIDQNKAWGN,MMKNVDFGVY,ISZYSLTZDP,QRPJNXRWUS,SWYBDWPXGI,FBBCFSEXKX,VFDKGIBUUJ,FOBDCOTSXS,PAHLYIVYVY,DEJRZAXJYE,
NAVVPKPSWO,KXNRXTWVHO,UKLHEUAKOE,CVHEHMZAVF,TUCOAODILX,DSJXIRQBUK,XHYNGZQUIV,YQMVDKRXJH,BHRBWIQHLX,UQHTUFYILB,OXTLAXLCMP,AEYDIAUMOG,QUOWMYWQSM,KTEDSCDUIR,HWTIEYRVAW,GLMUMHEBBT,GJPSNBFIBN,SQPISESCEA,HUXHYCQJFG,UXLYYLPUXO,PISXSXRGPE,KGQJVIJCWB,OHNFTTKWSA,TWMSQNRHCW,UOWTHQQABC,UHDFJCKXBD,PXAKOOBKFY,YEGDSZYAQV,LXSYIOKBPO,FXUYQJPILQ,RELJQYLCKZ,ILTNBHBGTI,VFZBTBQSYY,BYKHTHOYVE,JXUDPUIPKM,VVOZNZVZOZ,PHYUUGRSZZ,ARAMWVGLJM,XIPQYYMFJY,IKGOCTUXGL,VCDDLMTXZA,THVVTGMRNU,QJQXPZSHDL,ETATBENXFS,FIVUDKVXXX,OWFXQXSIWU,SPJBYPXZGQ,SZVPFQLHPJ,LKVYCITBJU,IUFGWKMLHI,QUHHWEOQYP,AKPUBGNJLJ,AXYYGTHEEM,WNZPKKYEXQ,JPNCKNQZRN,QWJPNAQUUZ,WPISWLZCPB,HGOYIXUMJB,ZEJTCMCUAU,QVJWLYAZTG,OSMUYTRINN,NANLFYUAQP,IWUDFVLUJQ,ETUIFYXSWM,ADHNBYOZQK,BGEYAVXORW,IZXFPFIYWC,QVDSIXLGVX,PHDKMHCUAK,PMHRTKKPRL,LCMKIRWCRI,DHNDYQQYEF,XSQEDGTJGB,GRDWPINSSX,MJWLCIQTPK,HNWMCJIQZG,AOGZMBCZHL,ZSTCRVWVEG,XDNIOJDSUY,GTPPTSRYQB,RDSDQFYVYN,LSWIQMOPDH,RVVARTFPGJ,EBVYHLPZDK,QFRIBGMHDC,RIKAJFWWGY,WLGJNLFELM,DZVNQLHTHJ,VWBCVFQGWU,NIIRTXLBKH,BCWAWYKYGT,TAKZRTKFIT,PDNFZZDFVS,VPORMSFOFO,JMZTRXLPCY,RZVCNNJMKY,QAZXHUZEVH,ELAVNCLJZY,PSRKPZDQXI,AKTLBNXDWQ,
CKYFSNMBMZ,ATKPUXBBXR,HPCETYMCCP,MYFGHPVWEQ,VJERLBACXP,QLXBGABERE,ODAWNFCWPB,TDECOTTUQY,MWYESWPNHO,PWCQWYWONB,TAKKLZZQUG,LTYJRECDUE,SGITFTKWEA,VCWTXMWJKK,TRGJCZSYSZ,PCUMTTCZXY,JEKSGLVJNN,ONYTFNVGVZ,LBBSCGXSZM,RBFPMDIHZS,DPFGKFSSLD,TRTJKCFPWQ,ZOGICGDVIT,PHMVJJQMXA,CEXXZMGBJN,GTJSQQQXAA,LSXBQYBSJS,UNYOUNDDWD,GMZYVDOYQD,FZXBVRFFRC,SWCCRRCIAG,IZYOGVIRIY,ZVQZATAWRS,VCAAYMJXZA,JAHXQKTYKY,ICYZMXULBQ,DADQSMILHK,JWYAWAHVUE,GYPHQCUNNT,WAJIMRQXML,JJTYZKHLGD,GYFDAAATVF,VBLWDXZEOK,DETOVHAFLB,ATULMERRWN,IZAUGUFUSU,CKESGHRGRD,TDPYDGZDLH,RFIPRODKZX,GKVVRBOTMF,QVLKYYBOAP,IQKGMPFLFM,IPANSQBGFC,VNYGPQSFPK,YFWAXCYXKR,HXBKRRLRBM,KTOCSABDZE,ZMVWXCUEZZ,CPPZMDMMUT,JCCAHIRFXS,VSSERXMUKK,FKGZGIGDWB,AVQEFFVDST,JFFQFLNVGH,RHNCDIEVIM,PBQAVIFTBZ,WQPRVEZRHB,WXOGOTKZKD,ZHFMILMVXX,XNPOXAWYSV,YBQLNJCDLO,FIARDYVDST,MYLHXXJFMR,DGQNVRIUDZ,AVRVYNSMXH,AFTEYZDLNS,OGALHGXABZ,JADBMNIEYF,JORFZOKVSG,HJNDUALOQW,MXUNUGQMET,BRFASXCIIE,SREHWCYDEG,CBTZVWANGU,CTCNMCGPIH,LKHOMOMVEE,JAAQTYWRKR,UZVYKFHDLH,UNTQTNEUFH,BFAFZWAWOA,VXKAFIHVDE,TVEYFXRDKI,IZUYFHKIWG,SFLACSRJCC,JJQDWQZDRC,LUEYXLOWFP,VHTPGTSRKR,CLXZSLRTQX,OOFMWYTLMK,KYORWIIJGU,
NNERKHPZWA,PLRSFQFHGD,NXDXULSQIZ,UCPBCZKEPV,TBAPUJVUFK,VVLXLGFSUA,WJOQWKYJIC,RXPVGFDLII,XCLMGNHEXD,ITWAQOJJLK,BAKMZONOJF,ZEFSGGGHRT,CWAMDLSIDK,JKEJNYSREY,UNBBYGGZPC,XXMLHVLGXW,UIAMZRPLZK,EYMFZQNLME,DPBGEERULM,FFIZDNIUUX,BRDJIXGNYH,AJPACQEGVZ,KUXGJXJSJM,CPOPBUNNKU,RZIYSZBDTK,SHJMNTMTRN,HMJOWVEOHQ,OZRMZLUGOL,JJFOMWDZCS,ONDFUEEIVG,MZABCCHEWK,DXDEDJWRFC,GECLSUGOQS,YAHWXFKALC,YGPHVMUBZE,FSBIDSLWQG,PRYTASGUHG,MIZJYOTMZN,HENAVAASUP,KMLMQKHVZM,LBJWMUFMBU,ZZWWOQUHPZ,GENOBZTSXO,OBBNCGHWJW,EXRPILWUAN,TQWHROCYGZ,VARCMXZCJG,MCILDQOAZV,SISOGZCOSR,OTMCFAGOZN,UMSLMMLYNG,UHVRXYWHOV,VZQVGLEVGX,DLMVHAXUUK,AAJYGTOQZV,WMMFWXIEFO,OJCDZZZLPY,JMWKVJDFHV,ICMLIOAFRA,CYCAFDKUUL,KAQDRDFMGU,LSUFXWHNAK,WCTFFBSFPM,QNPVIHBUHB,WEQEERQAAZ,GDTPTZPOCR,XMAHLTEUDW,XOJFBHXYWB,VVGITLWRQI,IPTAKOKCXP,QWWEKFYBWV,DSSTUOMSWO,NWUMMHWRSH,KUMHDKSLZI,BBYENPQPGU,XYSVDGUVNZ,OKQKCDMCQJ,RVSXQHDQBN,JQQOQKOEMW,SUUPGBBZIZ,IOWGFPTTYF,JZURUKFCXV,IAIHVHMQTI,TXMYGDWJMH,WSOHGSCNCS,BMMXDTYUJB,MJNXJYBVWD,SYQXUVVCIC,FOXFMWAGRT,PYLXVDCLKE,XAVJUPEZFO,PTRMKSNGGS,ZXXTEVTMHU,MFLFNNVCFQ,BUWZWHWJJL,BADHMYHBAK,SKARFUXWFE,NLJRFAQFMX,TZZPQUWMLH,HGVDVDGQZK,
HSYGQEYZKA,TDWAGJJMLC,YMTRHEPLBD,TBUJYKZRHW,OZUZMNNRNM,UNKTVCLIJA,UJVLRFSVQY,ATEBREAQYV,CGTNSSNFMQ,KWJHKWFEHH,XBMHSTWFRO,VGYVLSMRLR,YBKBGBBTFL,DCBVIHJRWL,WVEZKRFUBO,EDBXBNMDOR,HFHFBBLEBZ,FMTOAUKHRY,VNHDGXLSFH,NIXCVQOWBP,CXSZWVXHQQ,TEMNWLCOSO,NGCWIJZEGL,BMTWFNMGFO,MPEECQMLEO,ZOTXWPUKJV,NYYEOUUSNJ,RXKYCDJLHV,EJSKIFICYG,RSVQNCXEQV,KVKLFTUJWL,JSCHMGGOIY,MLAERPXUVQ,SOPEXUFYYO,ZLWEAIUOOS,TQTTHQEEFP,OFXPBOMQWG,XZPWMWTVBK,IUEHFEFZCD,CTHRNXJDTS,TXXNEELTMN,UYTIKZBHSV,TRRSGFZMVO,XTKAPMOCYN,QUKYHSCZMU,NPJPJFFHLH,QYHEWBXYAL,MHKRWMUPDB,YXPYZLSFHD,JAWFBDSZIW,IHGWJOKLFD,ZORWRERXQG,VLXWSSXVKH,JZYDCGTHRP,RTVMSBPLPN,KFRCTGUWQA,MAVJOMVRLO,FVXKZAMZUL,OVHVMXDELM,WOLCXRSAIF,OQEXSRFVAG,RNDKXSKVHC,MNFGEEUYXH,SSMVYDZMTJ,NBLPQDGUYH,IPNAXCRRNL,YMFWNSJCOS,RQKHOOWGSP,PVDNPPDPUJ,YRXQYRWQVX,LTWCDIWEGL,DIHWBNANVE,VGVFWFNGRH,KRJVSAXYTE,BPVJCIJWRH,KLDGVJRZDR,KXPQYFXSDZ,DMULVTDXEI,NYLHPVOYSE,XGIWOFRKVG,RXNYHNEPGW,BDPCFBINNB,VLTNUUZWSO,MRCLGYTZRA,DKRQDMNEIG,GKURBSNKAB,INRNWFJPYQ,XYVHWMGGUT,HXWHZCIFSB,BKUGACLNOE,ECYOFQFHEJ,DPRZIDCWRS,IBXETYALAP,WSQOHQGBKG,FTUVZNLUEN,XHDXOJVFUC,XTOZVPTOWA,ZCHONEZXQP,UNCQFVTFXW,JJNCSCDNSO,
JUTTUPZYIC,EVTKOTHSGJ,ABUZWEIGMQ,MYAANEBPLM,CESIAROGXL,IJXXFLUEYW,GARUGPPZJS,OSILWNBBCF,XQCXPFXEVX,FOSFWAAMYW,LGTNOPLYHM,UNSIOFCEIV,MXOVDIKIKG,AAUBCLNJLM,MFJFCPFTQW,LHPXAABHUV,LAHEYEJGQO,UYSTYPBXET,LQHOVGWPAQ,SPYXWHRGDK,JGPXWNNCJF,VRVLGABLGQ,IAYKGJMHRS,MZQFEROXMA,FFZGXFRDQP,VELLWYCEHP,HXVIZXKFRX,GLLEMDMGHQ,RGSBVMGWEW,GILHLBXQAB,WIOWTTONZF,PQGOKKXPEJ,AXQZMQVLJN,LNQJJEXTWL,JVDKOPEKFX,OXWZIPIXHY,QGZJHRQEOG,FHGPCUCIRE,KSJRZBQWCC,WIHCLPKAPJ,XJDJRKGBUD,LZLPEGQFOK,ZBQZOYZGGP,PZIMKHUYRB,KUWXTETEHY,NRQAVDJQIP,ZFNEGTTJLG,YDBGZERGMD,MWMHMGVIVR,YRATBIEARR,BFPJUJYQKU,RNJZRNSEOS,JDUIMWUZLN,UNYYQDNDKK,WOZHKIUNJG,OISXRSQJXX,EDJUTQDRXD,SYWDLJRHSP,KMMWEUWJUS,FRMQVAEVPL,IYIBORBLHL,WKSHZRJNBC,LCHFBOGOIA,OBVHOVKLCF,WTOYMRSETY,DCAKCFCGAB,IWTFBFOMOP,WNIDAULCCD,WGOPNVZLML,TFDAIKZNNS,BINJRVDNHK,YIHPMIAFFC,NJPQFEOOGS,LXBYMSPPZO,GKSOIECQVF,BRXYDOEJZW,BLAXRODHQK,WPHTMUDMUR,KZRGXMKIGR,TYQEHIQVXF,PNDREHAJFZ,QLWAWKGSBS,WWSNCZBZDE,EONIBZQYRP,NRYDFEPOKA,KDBYHSZQAB,LIYILCWLBD,UAXHVAJBSZ,WIRIOKIHZS,XDLHRGNIVT,DAPESMOQYS,DGAMJOIVVN,CKJXZHZXIX,JNIRRSBBSK,VXSMDLWVQR,VRQNEVOXPV,DJOWYKAQDL,VRVPYTAQYM,VAUQUTEWUY,ADPMAVVUGT,
ILXQPMNOYJ,NVJOOBXTJM,CBTKYPKHSP,UKLMSAGXJW,KZNWDAVNRT,ARNJWVPIRZ,DURDYUHVTN,OYDGDWKCVM,ZEATGMYLAI,LWCIXRVFGF,BCOCRQBHUE,EUSYUHDFIO,FWEXTGSGOH,GXGCUXBBWT,XXGLVDGDNW,ZCEVHRGRYH,VMQGYRJGPJ,UEWTFLXCXF,ZUHQXELVZP,DLFIVUJPON,ZKVTLJQXVL,VZBVJYVOGD,WQQVYHAARC,WWEHTRXGFG,NLSNLWFROB,KYYBNZULBZ,RGIOEBIBMD,JAYTRQKEBZ,OHHMVTERWW,GFUOCENNHG,IIHCLREGIE,UAKSZYFSSG,NCSPWBNCQW,NZMMPBQJCB,WQMADBGUXP,WBPUGWRDBO,KANAKXWCYD,IVSQTVMPDP,VQAXTYYPLH,YPOPWMPNOW,WTCETHWGEK,YWEOFXMPIJ,HQQZFBKYHP,JVZLIVVOFC,ZLIJAXBGLZ,IGWFFFRMMR,HQQDAYLOOW,UOPVSRWBPR,FAUQLIRTSS,XLPZJOTBCF,KPHRYRDKJH,ODOSKPKAAP,MLOBCHQYSD,KANROCXVDY,QGEPPYEYUW,RLIUYPZZQJ,QIGPSGLHBW,NFWKMQFBDF,LALNTRODRQ,YHNIDJHQMH,XKUIYRPYCI,DZDOYYVDGM,DCDAHEVJOX,FVBXGVBASX,NOTYTOACOA,KQJKOYJLRZ,EFQBYIFUVT,FTOFBMRGDZ,SKGZSJUHNL,AQRHWOWAKF,BUTCNYUFZF,AAANVXINPT,YGRCPRMMSN,LHKLPFTGND,MDVLREYNQB,VSIVKHWDFB,DSHSBSSFUI,JQWXPUTEXV,MEAAWDRQCD,UEJSZJLLNN,SSISVZJYRG,ALKZUQVVIK,QJFHCADDUZ,MSLLKCGPRM,RPDEKNCXNX,YXTUCHKUXL,NVVGNELIGK,XJVMKSNAAV,SIKZQJPJSA,CWDCARNHKS,UBKVVIESHD,UYZAIHREAV,KHIZQHDOEZ,JMSTAPDEQF,BBVQBFUKRW,COPUXFGHEV,QYZGWAAXTY,YSQXVPMPBR,TKTFULHSJL,TLSZEQMVAT,
CGDDZBYNUP,ISJBOFCAFD,OXJORIWWWJ,QQEFMEVGNT,DNDBQNQBQV,WZORMIAIAP,FWQPEXUKFP,FIQOPAVLUI,BTROWDCNYD,KAHSUNALAT,XVYMBGNNBZ,DROVJHQQCF,PCLZHBMRGI,CWELHNBLNB,ECBLPSEBUS,SWPHEJILNW,NYTSIRWVFM,BYMNQSEQNB,TVKTCWKUWU,PDHDGGXCDQ,LPXOXOGLNB,LZGJGFYPZH,LROREAATEC,EZUFMCOYAN,MKJOVIVRHZ,DRLRTVTASJ,ZPDSCKMVUX,WNDTWTPOUV,CMMXYTDALT,ZLLPYIYYVG,XAQUJYBNHB,DLTERIRJCU,RJOAZNHOYB,CEBCDYCUAN,WAYRAUUPUO,GUPMZTNWDV,TPCVTYTMLB,EFJWQXDZRO,PJKXCXFHFC,PDWUOZGOCZ,RTDPLVQXJV,ANEQXINJBY,NNDOHUNLFN,CFFUVBXSXR,POKYZEBRZZ,AJLLMLZIRB,EGAAUUONXP,CPDHLZCKAX,RRMENXPJON,HFVPEUYZAW,KYQJIIJZYD,RQTMQUZGPK,SHUNRINPTP,HWAKPMVBPB,LKQXUXUHUD,SNBBRERSHS,PJGVVMHJRK,AWDOSSCNWB,YCSOHPHZHN,OLCCQGRPJK,UWBNRHMYLJ,MZMDSOWFBL,AYCBMDWYVJ,WENJQWSHMT,LQXPWDSDAJ,GILVBYVWJP,GTRKNCKKJG,YRAIJURXRS,SHIVRIZVBA,HROLYGAZAL,FHTEUIBWJC,GXEDCANIWA,MOJIDRDWQD,GQJOIVFSTJ,QUVJKGDIIF,ESRDZJCIMZ,JRGYEMSPXF,KXSGQPNMGP,EQUIZVQIQW,YFGQIBPMPT,ERPQQBTIUB,SXUSMSYCBD,NKYVSEIQSM,SJCDUNXJDY,GSJBBIMLSG,YMJSMOOGRI,OZEDWSEXWM,IPQSPEYYWM,QTPBSTZRZM,SQHKKVYTCE,NJGKXXKMWF,GWTGIIHPWV,TXGELEDBZV,OIGBZRAIQC,GWWDXAHRLB,FAUUPYFLSS,PAVICDTRLD,SFTLJZTNFP,YISUIKNVZI,FBACIBNLGI,
YPPJNVVWFT,WAYGKAGSNV,TJDIOSHPNE,UMGAOAKHHL,MVOMKUWKSZ,WHKKWBTDNL,KEXBKVODEK,FSENHDVCZM,AESOXFCDFW,EVUCPPWENV,DMFTMHXAWF,YZUFHDJICI,UFVFLSPGWB,QFJRMLKDMG,MYEMMJRWVS,MBFRSPTHQR,VYPDVTKPQH,QNFRTFAXBR,JCTKLNSMUA,LPPPBYUHXA,DJPSEQOHQS,EYGTGPMTEZ,DKFAYTIBOZ,WCPLLVXNOG,EZIXNRKOLE,CLNETMODFM,MFOJXBHBNP,BEXHDEFZSI,KQBGDWZQFH,FRSNEDGFGK,LJGOETCVIN,RAXGVOMOHF,XUTRTTQGMJ,PAUCNZJZPR,ZLQTCKNBBK,RZMTJAWBZM,DAACFJTNJD,UQBHCKSXIE,GWYKUMLUNQ,RQZZBYUNMQ,XKNTZJZMUV,GIGKGRDIAB,TXKNFWGZPJ,VVFDTVLWID,THAVYQWUBH,ISXJIGVECW,SHFVRNPIQO,HGFRYHBPCG,YSRCSCDGBJ,NOURZEOUWO,OXHLBUXMKD,LDZYCVBBTP,XWUWUBZIJY,JRMEZXLIVC,XWBVJAFFRF,QGODCBQWTS,QZPVZPRRRW,PPJIVLSRYW,YRXWEMBCMJ,HEBJTWTNCH,ORXZXUEEME,GCJHWDRRWC,LBMDBMDKAR,UHJFKPNCNG,QRUZFQRSBF,YAIYBTMSRN,QTXQULGDCJ,WELZECQMMS,JBGQFJRFQL,ZMSWESVXZK,AOAIMOGNQM,AXXNQJFXGF,PAZKZUUBGX,BWGZIELWVS,DDEAMPXVAF,FSMOXBDFBE,ESHUFUBVUL,MAQJIIFVXW,VOXXTMFJOC,RNAXGIPHGG,QZPMGYADIU,TVFZGCWSSY,DUEJDSHRDA,OVNGBZNRGK,JXGMLPKYJU,ILZKSFWDHX,IKANMQIPAT,GWEXSPQLXF,OAODOQYZRO,YWSZKMSGVH,FAEDLSGCIM,GIKUEJDMFU,VIPXHVGBNC,UROJXFIYLA,VMBSCCHWIL,EQTCXPFDHJ,WQNCGZWZTA,KGUOYVUUEO,OFHNQIRWXG,YTWUTPRJJV,
ETSFZIEDDI,ZMFNEMOVMM,OLATPUYPKM,MWJILHXJKR,FYCRJSAKME,HXJXQUHVBR,MIZQNBZDKQ,BFMROQHBGY,IEVNMIUHAK,HOXKPVPMSG,WPTSOXXDBX,EAZBRJUFOY,JMQAIBMRTE,CLKFICDTUR,MMVPTIVSFX,JHOKRHFYST,OWSHIFFPWF,VFNSVPXEFD,ROVRPRWQXT,GOKSNYCFXV,GNDAXVGQYL,SZGVNVRMVC,OWPFAENAJS,HDIQKKVBIO,FWSKUISFWT,VZWJAJBJMX,ZRDSKTZNQJ,UXVOEVLRBO,XDMFQJDDFH,PAJGUVHSIG,FVSTLOMCTD,CGRLCZODKV,WGHXEJIKIH,MITSGHDFYW,XKDGEVAESV,YZYRXFKGHM,CUMIOOFPNC,DBHHEYONTS,DIXHDEHVSP,SITWUUGWGA,VRSGMBXRWE,NVKLELXEZC,UGLBMVKTBP,MNSJFZQKII,IFWXEMKQGT,FECJDPGHJX,PLOWLJBCWC,WIHOGSCMIZ,JHAHPMPDNO,ESCREGMAHQ,VYCYKZZOSK,JUMDTOUMAM,XOJQFOSCYR,GXOPYQNXWG,PYTDKBOUHR,KQFNULQEDJ,VVPZZKTISC,JFPOSLOYVR,QYJWJHURQE,YBBWQJHNMZ,DQUXEIAZLZ,YLPXRSLNVR,QWTIUMXJQR,RFNVQOYGAZ,TKDJQCAHIB,ZVZVJZXHBZ,SHWGNELXEK,ZFXJSDTSDQ,PHRKNJCVHM,MORSLUMYRD,FRZUGVGOFZ,PXBBLKVRFZ,HRONECJKJM,KQVVXOBDAR,WYXUJRYKAT,AQLBRCVAXG,YTONESNRGJ,KJTNYEXBJM,OAIHSXYOIL,MNHQBLTWGH,YGQONANKMZ,VIUZNHEGFP,JOAABFGZXK,OPIRJBEQEL,IMDAIRAPEM,IQGGVDCVTT,DDLITKHZXQ,JZMUFYSQBX,NNSBBUNNSK,QOBGYYTRBW,FWKKAJAWVI,RDJPUOMUKS,ZLKWCNFLIU,XWFMUROFMB,JHGLMCHGQY,OUAXIJCSBW,LBCZDXDOLS,VIQZTKKTLL,VWLZSGGAJR,GELZTDZXAP,
PZCGMMTWLQ,VTBGXYXGLS,YIFGDQGZHI,QZEZPVQFPK,OIFGHBXTXR,CQLGOSDFAB,FIXCRGHAZG,WJVENEPZBQ,OMICFKWAAG,ZJENITGHTL,MBTXVPOPHQ,SHBPXYZDGT,NWHTORBAJW,JGQSXLYQHY,XIVBUEWPOS,ZMMGBGFUQL,LGJVUWHPFO,ABCFPNQWBB,SNQPYCWKNX,PBDIWTPIBV,GYGFFIFQOW,MOWKBEZLNF,VBVWRBAHGW,FJOYSEODZA,BYQPUITYHT,SUALTIONPL,XKJVQWSOZM,ENQOSUHTWL,MIVPODWVKS,XSXEGUJSYU,TQOCTUHVIM,ZWVPQWKFFS,AASSHTFIYQ,PMUAPQIFUH,IWZEXDYIRD,GGTMRPWSGN,CYTVCGJUJL,AHSJLDALVT,WZABRNXNZR,BKEHADXAHX,MQWUGSETZE,IYKVRUWFIS,NUTPITRQFY,UDKQWRQKOR,AHUJYFIPFX,HFPQJTDLSF,CKFDERNZKG,SAEOXSKHRV,AKTUGYGAMB,LEWQVMOUFQ,HLZJQGYRGK,LKYIJVRUBY,CSZLOZBMPI,DGMLLTSCKM,VBLEHIIPKS,ZADFTYUYAA,RDYNWFVMRC,EVBLCBAMQW,LDGNOCCWEN,BJYXQWPJTB,BFKLAHRRAF,TPWYHQZSCS,BYBDPJUNZR,NHWZUETZJF,SBXDUXISNV,VRYXAQFZFP,OHAGDQYZAQ,YYSTJEAHZX,JTVFFLYHGG,SSZQQYZCZC,YLPZFYQJLX,SUCZWUCMWA,SOZPVXJFOW,AXXDEABBSG,ERVYICTISL,METDNJCTEG,CRTFCCHBUR,GHFISSWTFZ,MNUMIFFVUF,GHKPWMGNNZ,UTKSTNNPMT,SWSDXYMSND,NGRYITQQGI,VXPQTNDOYN,KMSEMAXYTW,BRMPDOVIIL,LQKYQZFZSA,RYWCPQCATW,SBVSOHTWSP,LTAEHFINCJ,KAAKILNSPR,XINBXDIYDC,KUDRIPJUYL,ETLUXBHIHF,NTDNVWVDJB,AKCMDSDEVT,OFNPWHWSUP,TELKSZRFKA,BYWSCZOYCO,MOVCDQWEED,
LEQYOBXRBO,ANYNSWTULX,NIETSPGMXR,KGNWIQJERR,XUADXFAPEI,LXTCRQVAJM,SALJRELSQO,TBKVKWFFZN,AHQFCQQMYY,PBYZJCUELS,AWOCZPPUKZ,CRIXFFVLFW,QYMZUZPHYI,DIGGDPCOXF,PVNIMZVQAU,WIOHFBKPWZ,HWCEKCZVUC,TXBRJKQAGN,NQZHJMZXLH,ABHPTDZCYE,ATMEIXFIDB,NDPEEUDCKB,APHXMPBLKS,XNFNEECQVL,GEAILRITTL,XEUKWRGONM,GCYCZVLLOS,GLLVSOVBTJ,KDQTINIPOQ,AISUADPHRI,JDQNEDQRPN,KFHUPEWTJN,TBYBWSDWRQ,HKMPXBHCZF,WIFHIKDJQN,THBBBOAVEF,BAQUWVIVGO,KDMEJEMCYC,AWXKTPLZVU,XLFQYAQXET,LQTITTFOCQ,VXIYFGWAXT,IXEWYLXHYB,CNBDBYKIBU,GANWDIIIZB,PDFOECAQMN,IFPCPFKAYF,ITSMYXSFEP,LASYNATWMF,LEXFRIAVXO,KDRVRZEETV,XWAOGVYHQS,JMOEQJXZYD,UZWNEVYJIE,DQLTWMLYKF,ZLOEQSBYEZ,GIHPAETSUM,RAEQEMYTRF,OMYJEFPXIF,YJAIKWVIUX,EICUZTBYDX,HBGHUIFXQG,DSUAFFHNGM,ZNSNFHWBCX,ZYSFQPFBZS,MCIGZMNZIN,GUSZXZHELP,ZXEYRPSRAA,XZBROBAXXJ,BYFJLMXLED,TTQPWVKINC,WXVVEBZXBV,RXOSTOVIUU,TNEKFOWRBP,JLZKOLJGAQ,UYYDPJLETE,KNUTTXJMWV,FQZIPBTGJT,OZLRAVMHIW,RMJTUPNAKV,TPYHKEDQBG,QOPIEZUCAU,EUCYEXFMIC,PHURYOMSQE,NGLYVHPSOE,IANSIUDEIF,WDMYEUSVNM,VKULCBHAKB,LEHZEXFXQF,JLIHQWJBGA,HZOKZXGNGV,NEZKNXMFTU,GGIWEBSRRC,IBIHGZEIQS,RWJYJJLGNO,HAJGEPOTLO,WHEFSIHFZL,GZFSDGNHFV,JMEBYBLTEF,ELZNBWUKJC,
JNQAUHFRXX,BAVWWNPZBS,JPQODJIZZS,YGDPXFTLVD,PUFYEEXVCN,USOQGRGPLE,NVSCOFAJIW,SHPOMUNVQW,DODVKBNEZK,PSNBZPRCXB,OALDVUBMXD,DKFQQHRJIV,CKGEKONQHM,HBQWHUSDHY,GBIGSEXZMA,QVXUXVTGOU,LRJWEZCZRH,OUPCBFRRFJ,XOPKVWRVWK,CICVUCBELV,TLCOZAJYQD,HBFXAMPNXE,ALLFZQCAEK,CRSJHSNMXP,EKYFIVJIKC,HLHSKYXSWW,QOIRQUDPOV,VFHXKUYUOR,MBTEMLEGBO,YANAPBKWAI,QPNEQGDRSU,ZMRUUMEELS,IDHTSXIIXF,DESSIWIXRO,YSQKFEJRRH,WRBMREZTFD,QVRPBVVSMV,DTTEADQOZO,AUQTGFVBEO,AFSEJZCOFJ,AVPKIFXFKC,MRZCGGTTPD,WBIZYTKGGL,HZLKGMSRLH,EBVWPQYTEC,YPYSAHMAGG,REYPNRGKFM,GHBEQBBXYM,DQFZNSIZIH,YHKDZLINTM,GJERPVQIAB,ZABTOTGJPH,LIDJLZTDPQ,EUHFVVMWNZ,XJBPHYQJAT,ZYSZCDGOGK,IKHTXBSYYM,WCSXNZGCGK,MATLOLENZW,HZNIZTTCSL,FHIQEDNLQL,KSACLPDBRJ,IQCTYNUTOE,FOBXKWBVRF,SQHXQHPHDE,VQIAZMPEWN,MZSOORUSHQ,EWCGENZDLZ,TQGUUSFYJB,MZXZLJWGWM,AEERKCYFCM,TVLILMZCKT,LWPFGOMSNG,NRIFIKTREC,RSRWBHEQDA,VZHWBNHDUC,BMBEBFCGLC,ZMSGSCYTWK,UPEFTZEILF,VIVGZURXHD,ASYKMGUUJE,ZIGFQOJWDU,LYWNPPTAWJ,DPRWQCDVKG,ZHSLNDSKES,ZVDYMGKPGT,YSCKOEAJAQ,GSNHXBCDJX,RAZUWVXHQS,ROYQODTLIU,BDOMWWADRM,TISBJAVDSE,MTIAIAQMTT,JOEVTEYPET,CYARMRYOOS,UWDFCEHNKT,EGGSLDKQJC,NHONYFYKHQ,UEWEHNCUGB,RJXXXMPCSD,
SVSSPUEWDH,DRNZFBEOIW,TBJCDNYFTY,FVOTRIWTPE,VLSUNWYDQV,LQCFDQXLSA,DBKOJTOVHK,BXLSCCELQV,YOQKRNLMQW,WQWIUCXTTL,OXNAXYSHPD,JSNIBGARRX,KUQUIQWEEP,XODCQPBTRP,PMBXEXSNJC,JWCBWKFELM,DQAZMLNYCH,QERIFELDXA,IXDVXDOYUT,IVOZTRLEDX,DBEMAOGMEG,KYBSXLJRQF,FVAGKGECKT,OYREDRBVZL,LRZSIXGFJE,HMTIWKHCDC,SZKXPFRRBG,PYVHHZUEHW,NLCEWDSPLW,YKOZPJOHFG,NGZFLHTANF,VKNLLLWZVI,LMFBGEXTPF,MISRAVLUYU,IDJFMWJSLE,YWLRHJETLO,USIRXRSSDG,BLTBFMFXJG,XFZSDDXEOU,QRHGENFSCT,INOBIENCYB,NDIKGVKJRC,RUBXUMYVTM,EHOPKWOQUD,JCGAMUVTNT,PXEKJCJWAR,WRUFZQWIYH,YOHXSMTEIA,JRYWVBKTZQ,OVXPPHRMFA,BVXDUPBGCO,ITGHXHTUVZ,DDDIDHFKRV,XQQTMNRTVG,ZXWVCVRNWP,IPUTLJTCPM,FKWJTPMTEI,VUQVAFZLQO,VRRSEEPGHC,EVNJVPCKAU,SIBQNCFDKA,VXWNSOMXBE,TFNGFTZQBU,PHKSDSZTYG,GQATSRGORF,WPADKKBETL,BTZLRMCGTR,TVKWKPVFSR,QRWLEQWMUG,HMEAPQIDTQ,YCJOFYONTE,KQFJGMWACN,KVNHXTIROM,WHFVKTGVWH,FWUKNXISFW,XIDLNDDLUV,DIHRKAGLVD,ZWGEWRYTAF,BYYGYUMBNK,WNDPFMEQTN,APKYAQRGTQ,PIBMJMGWQO,KDNAWSPALA,WRKSFUJUUF,YBQLSYMEUS,LMTPXWDMQK,LBCXJTLZHJ,VPLXDCEMWO,QBMOSSNGQN,IYWPSNNIXS,QLRLEMSAHH,OZRIHJOVLF,PIGRZQLADZ,NMEABXOKPZ,HCVUFXBHBF,JDHUAZCUGN,NWUNCRBFYP,UYTVIROFWX,DDBPNCYWKX,DLVGFVWUQK,
ROUUNEIMBQ,OWOLAABLKC,AHGNOKJDTB,QGZQTJVLBS,OXOUIHCXPN,PRJFCSXSKF,VXRUWKRFNT,NCROVXONHF,GAQZSUFRNL,YUQRQMTSTJ,FIETDSFZNY,VCBJTETQWH,YHZGIUWRKY,OFRFYHSWRW,QGENFDCMGF,GEBSHBIVWB,NVKLSWMSSP,YRNDGTXJYG,FFDUNPMVCH,ZECCTXACPN,RRTSFMNJNM,OHURPWPDSZ,ULSCEFAJWV,KRNWAITDMC,JTSONOJXDG,TLBCDWZZKN,GHTNCQUTJA,BTEJZZBHXC,BRBZPDGORJ,VLPDQODDPW,WFVETBMDAB,UCVKCQSHIK,PCYBNUMOUY,JUTTWIOZUI,SFTUNNITCN,RYDMZBKQRM,XGTVPAAZNB,KKLOBOYDPP,ZTEFNUECXS,JCJAQQBMRG,QXAIOKPSPQ,TPRSDBBCQS,DPKHNKYZTR,NHUHJOGEGN,GXYZRNVBDK,YKLRSYLJFR,DWJPRVHGMA,BJHECIIQHO,RPKYBPMTTM,JFMPUSMDOE,AMNZWPICZR,JZUWXINGKQ,RUQIEJCFPQ,WRPOLGVDYI,HUTEGJENIO,MPLSNFFWBI,GMICTTLPMF,TEALQGKHAG,VEUNKTSMJH,CKFJVPMBKG,XWEYXYIORG,GJGRIMEJOR,YTTWBCDAIV,YKAZQNOXZD,WJBKMJIWLZ,HAMEZMAVNE,XRSWYRVLCU,IDFOFNOKAU,OAUZUJVAFK,YPEZFDLEHR,SOEDBFZIPL,FENNPECBYF,QEMDWCLASS,APINHXSEYH,CNZPJKEBRF,EMFIRWWXAG,FPRIKUERIN,LLCKFBXUFW,BSBMMMKUIR,CPGNILLPWU,NDJENQKPCT,NENGPHWJYC,QMPPZBYNLO,LXPTKUOXED,ROYQYZIPKD,XDEXNHZXKH,UONLABYVLU,XYINCHSPRJ,BKGRHBAVLP,NFSCFKPWWD,LCYZCTLRZF,LRLYAHYXZN,WQHRQUMOAM,LHENEMDXPU,FCZSUDACSQ,OZGRAPNDPP,AXUXQMILXC,QIRAVUGORE,FKHKUDDICM,QQYELNLGDT,
XRUDPJOVXQ,PLXYATEXEG,WWLYRKLFWR,GARIFCORYY,QCDUURRKLV,TQFYAJXBUX,BXDDHWZTAU,XVTYSXFUKN,TGOJBZJEUC,JBKXNILIUG,FZNMOLDXQW,OJEBHFODPG,AVYTBYZWOV,ONOOFTQNWW,MVUIMMAIOW,AIABPNHMCC,BFITGFHDPM,GRNUMUHTFO,JEWAMOIDOC,FNXOSSGURD,OYQYKPTXNV,ATFBMNAWPH,IPLBJRFYTA,PSBNJTEUAJ,LSHBUKIFCF,JTYZDMDPYT,TVRKJADISB,CKZWYZLHXJ,SQRLYPIVLF,WZMPWHQVOI,VZYQDUXKQT,UTKAPQASSE,QDXSOBGJPP,LJEEGCBADS,KSUNNCJQQU,WZBVCUFDUE,ZXYIKBAIUC,CFCJTAQLDE,BOVHNJHAOE,USKPNXRRNL,OFLJYTPSTL,PLSYKQQWBQ,KAVNFUFUNT,TBKZWFHNSP,MCPBWQGWBB,UYHIICFPFH,JMJNGDJRCU,EFHQDBWVAN,WIKQSHJSJT,JREDMVEYPU,WTMGSMJGYO,QONJWVXMHL,LCNCAIFBBJ,QFUFEQXFBF,DZUZRNJDCB,IDELVGZQBZ,RDUIRRNXAL,OZYOKUJTXJ,CHENKEKDMV,ATLCNVSQMX,IODNNXCAHE,POOFPJPBCN,WCFXWAYUMB,FRGUMONRCB,QMMSUUVXZJ,KBADONLYAS,JGOACBGMNY,GHIRTDLYKK,NYIOUVIKQB,WLAILULPGD,TWXECHECZW,RBQRVUONYT,JBLPZNERRW,MUBATNBCYE,FANYVWNLXX,IMFCSEWIPD,VTDDHKAXHR,HJQXACAMBJ,AIQSTEBFAU,MOPLILGVKA,RBSVGYYHUL,EOMRRTPCSP,WEYVKUJXSB,WNRDIUETKP,HUINHMVAJQ,IZFVJSUTYE,AGSALPOHVY,ZGMEWGWLHK,WYSBKOULQS,IIZIQNROFW,IPTBQBRTVC,LMVSXLIMMY,DMKGHGBFMJ,PXOTFYNWES,ZNQNLNEEIM,DAKNTUXDXP,GFFEYDHXDL,MMJPYLLQNP,BGRBUQMZHZ,FMQHUFISKR,
GVECIECYHX,BCAOFPQEDA,MVWOFVVKWP,PNUIQOXWJF,UDVJYNGAVN,WOPQMDBDBZ,QTLGGQILVB,YKZCEGJQQV,UFUJQBMATR,NAKSBANOHG,XFXVQWCYLT,YYDWTQREDL,WXEDBBUPQX,WIWCBVIASS,MZVEURZFIN,RSTTKXOUHU,SDTTGHDPGM,BKHKOVYYGW,OUTWZHSILG,BVIGAMEPWS,BYSEXHTRPG,BWDWFREEHS,CITBSGNEGM,YULCLJAVKE,SSAMCOCIZJ,XXKHDKJHRW,JKMPIGNHJQ,SHKIUREQQP,QNGCBCUAGM,UMAWHPIYPS,XGGXZIEGAP,UWQQLYDIBA,EZCKLMJKSV,UHKSTKCATY,LCXNZFFMOU,LCIDABZILY,ERIABCSSDV,MPIQNXCTWT,FYTEWPWKME,NQDUUCANUB,BKXYBVWWGT,LHQLWDADZO,CYRTEAZUZJ,QLSIPBMOLE,BQUYIOWQFE,QHCXTADQVY,BNXLLLCDZF,BGEVQLKQQG,BBWBASBZCD,HUKKKYRRJL,FIVMFQEDHV,REFPQYGTRO,BXINCUKBYI,SOPWOMQQCO,XYQUFFHKST,RMGHEWBVZN,MEZIBBYFXV,KERQONIBKD,YFPCRNZXEH,UGPTERFUDN,AEYAXFLMOG,UIFQKBOEUE,HAMIBORDBP,ICAKREFXXC,OOXPXVTJUH,JPUKPDSVCJ,ZWVFRWEXHD,JOMQCYPGQB,IFQJQTNEDN,GYDDCERYUP,RJSBTCVUPB,KGALWFXDWT,OYZERGMQMK,FMZUGDXIGI,HCIPPIOESI,MFONVEBLBT,TLLINYRPRS,OEOIJUZRIG,CEKXUKSXOZ,TFZUGIJBWQ,MIQNQEIGHX,IHJMRGGVXY,YFRZKFKVQH,PMXHRXSMVO,KVCRPJTYWU,FPBDTNPZBM,MBVZFUFEOM,LTOZCAEFAA,ANNUWPFHPG,XOKTUPZUME,PUPSRNPNAO,FZQJFLASFX,OTSHOMGPZF,OZQUZKGVEX,VNKEWGPQIM,MNEROFISQA,QADHRMLJMZ,PSWERHGUNS,NHUNTUJCRL,VFLKQABWCK,
LFBSJPYOBV,HBZWCXRCXU,PPAXJXFSQL,GFNWVAGOOW,DNUSYUIDQW,BDTLRLLYOQ,ZKWOBCYFTT,IDELYCZGTA,AMPDOCRWOR,NQFEPUWIKC,TNYILBVXNT,OIKSZUNOCM,EXMZGFECJH,ETMWFNQWIH,NNTRHMPRFS,AQUIJJNKPT,UXPQTFIBYL,IFQHTDUKKL,JVTCPJCLKQ,BMSPDQKLIH,IUXOYTRPYD,BBSXTXVENX,BCOXWTEXIS,WZPMCFTHAC,RAHMJAXVWI,BVSVECGXLW,GHZGNHZWQO,CYCNOACSZZ,LMDTUCGMPQ,CUGHOFYNEZ,APXSTFXSZS,QATWEKWGJS,YHCHFVSQHK,LDLEWPEIJO,AQWBACWLSH,ECPLJLQMZM,SYCPBWKNTG,JYRYIZGQBQ,FAPRFSBIWP,AEPMBYYOWS,TYTPNVGQQN,SUFNLGXNCW,ISSUWNFCKN,YVNVTDFFCK,TWHMNLAEOH,BHPMDCTLXL,DLBUXKTCLF,XMYHZUKSWN,HLHHBWRIAF,EHDHCAMTJL,NHNVGXANXW,AZLQANSIFH,ZBTPFJXCRW,WUIXCZSOEO,YHSNIKKZFK,LQCGVNKUFJ,XDTWGVLQUP,UDZSEYYXVM,FELNGAIIGR,QPDYTQQKBK,GHVRPFGKYU,BAPRLHPZUB,ISXGUVVAAK,EBHIEWFCTC,XLGGNDROOB,NQHNCIYWME,QGILFADGEJ,HBAZVXQLRW,ZPIEWZASSO,HLLUYAFCON,BWKODYJHPJ,ZNKKMFWSWT,TZMTCPSPLU,OBSLDEXNQV,AEYFDDJHNS,RTNPAPJDTY,EZUNAOELDY,GMJXAWLMBN,PYJRSHIFXN,PZFTHBAHAI,NSDZICOSEG,JGGIXQLFPJ,RTUSTBNHSY,GUFZAYGUTX,WVMAGIAMQV,EVIGBEWFZS,MZNCFFJVUV,GTVUSINFXQ,IGJQCONBRT,MQZVRXJVPK,GPXSMHESVJ,URZKCZLWDN,CFBVMYPZQS,QTEVWJTVQU,BZBSTVPYHW,SWEYAPIEEJ,WJUNEJEBQY,HMJEFVZPBS,TKFZBMRGLY,JRVNCQKZGT,
NLEWZEWQBU,LOHWTGIOHG,GFBSXJQJRW,AURXEJLTJK,JMARDDISJP,TDWVPKUXFB,QVGZGYXBEA,BKPIWHHMJF,FFLJDQAYMO,ISZWZBWSLE,FCAJDASWOK,DIVHBGKAVJ,JJZJNPLBVK,HVDKWSNWOW,QYXWOCPQZM,UUXZZFKXQI,NMWUTGEJTR,HWUPOGROFP,TTMTTEDLHC,ULWLHDRTXN,TVWTNGANMJ,HCGKHDSWYB,TMAHVEOSIM,JTTNFILZGQ,FXXGIEWXNL,VZGJQGCKEB,QQLLMZNRKQ,UOTHUIYNYI,WEBYNXNRGY,SPBPBEXVHP,XDMHVHIIXJ,QBHBFKXUVV,JEBQIWTNDN,UMCLDNLQVK,VAASHXDKSH,FNHGQSRMRX,MYGWWFPLNV,EOLVYQVVLB,VWBACWQLBU,HJREFTSFGM,BQFDYSXUVY,ARWGMTFLAH,AQTAKXJJIJ,BBAYLCBMQM,UBQNANGBRA,QMEBILKRGH,PKXNGUMDQM,KXFPGCZTBS,MEFTGAZPTL,ZDLUMABZDI,PVGCYFHYRI,IQCDGTVUCS,UACMLAGGAK,DQAZBZVUVW,WDSTYFZYWO,LTNJAQZYZD,QITIZVLGFL,UDHSUCKLZR,FIKFJVYPDM,DMYEEXBKRO,REYEPCOFNV,NPJJODGXEZ,CIJEAUDJPJ,JDSQZNXTOB,FTZJLICDPA,GPNOGCCWGT,VOVNFWUEDT,TZIGXQKZML,DTTOIHBHGU,MJMCMWLSNS,DXXBOJSQDT,DKJFUUZXDY,DZPRHGBMNY,THYPWSCNVZ,XPXJXRTHDT,DRWNWAWXDV,XCZYOCVGWP,NYCLBWIAVL,EQOHLKKQDT,QCZULMUVPS,TZVODHJEOI,BAWZVGWYJR,GCZFSEEIEV,FAKKNEHXJG,SHYEFRAIWV,HPUIOPSNIV,QSRECHVKAZ,JRIXGFOMIX,DOCQPEIBMF,CZZJKCAAKM,HVDRPPNZBV,UMRWASNAWN,UHGLEYWQOB,TUJTECJOKJ,TXMQGOIWRB,MIQHCYZJBT,PPWGSMGYMN,AENYGPCZJV,ABLBUJFHZI,TBGGFCZUTI,
CLZJKKLGPQ,JCADYJTPNX,PCNQICDPVZ,ULWMQCCMYL,XIILODOINJ,WAJDATDLXO,FORVLBWTDI,PSFTBKMFPN,YBVOAVGJDY,DEAAUFNUOE,NFYFTRBSIX,OXBPDQJKCU,XWUGHFLLXK,BUIFRHHQMC,KZAOZTDYNG,AUQBEDTWQG,FEBTNPVZWJ,JFXTMYXNJH,YNUPIWBHFE,EWKQIEYWJM,ACLBFCIYBT,ZGLKHJNCGV,ETARYRLSJU,BXXBLRSLVL,BYRRWXYTUX,OGPNWXHPPR,CTEXMDAXYP,PRSAKMROLP,SAEEIAWQQR,SOBTBXZFQT,HANHVZNEPO,ZTWZTYCOFV,LJCVYUZFKW,OSLLZVRUKH,WCKWEMBFZT,UJBOFWIFWV,GTDDOKNYHJ,BFUWNPAZBQ,FRFVFXYIDX,UXJVSAHLTM,JHSJJAWUKW,MQCXYEVRWR,JXUGUNFMYS,XBOFCHONES,IKOJIHSODU,BVWCGRIURC,RGKYTDUQQQ,JZNTAMLOBW,GMNZDPTBHK,PESUCXOVWM,ECPUFWOSDJ,IOZJWENETE,KVKTQXQHUQ,FSSVEHWDYO,BRTTTKIFFC,XVHRGPOFIX,JKHWGJCLXQ,KBRKPPVZBZ,VFHTUULWKD,OEHLZTVNRJ,GHCUZAKMHI,JATWRDQUAT,FDHJGRRXUO,AFAMTKNEDN,XAFHECZWVQ,FRBBTZIJMP,NEBAKJPUKE,GMWHNRZEKO,CHULBELOZR,JFLWARXFWE,FNOINJKDZG,AFZKAVBSKH,XYLKOFNGWP,UMMGBXPRRD,VMQQSNWIZB,RHFCXBBEBX,EGWMQZCHRS,NPWUXUHIIO,JDPBCYTLKL,OFZRUASWFT,ICFNIHQNKG,QIHDHOBKZR,XLURVMEPNI,EVOBSPSVKF,FUKLUJGQFJ,YHTFYXMLTB,UXRAYLIJPV,ZYEGCNOBHM,MDJJBLBYKS,IMHNGGJRER,YWMTQMCHYL,EIUKYMLFNJ,KFGRZBKXRY,WKRHXWMTGQ,UFJTJHDZNK,XAYYOANAHV,IKZFHCSTPL,XDZUZZCUHL,GCCCTLRBMW,HNDGKTAQFL,
FIAYGLMXRR,LMGJRRRBPU,HRDZECNTCW,BIIWJCVWPG,HFKEIYSKDT,OJOPXKZHQO,QURVMVWBWG,DQYAFWKRCL,PDGQWLHCGM,NLOHPXTYYM,YZNRYRVEVW,XIMCGUBIBM,TXTATCMTEO,FTGROKWWND,WVKQHHCKKP,ODAKIDRYSE,XESJWALELM,MNJGMZBCWU,OPZHIQRFDS,FWCJJROVXV,LQSHCUCANU,SNPPVLCDNK,RLEZYXOICY,QOVTSVNDWZ,MFVQEHIJJX,DABDHJLBPS,OQQRKVAJFT,GSCYLQWDPD,OZSCNMUNDQ,CXSAQMJTFV,LZNDRTDZHK,LITJOECWCJ,QFURCVPXEK,PZXMTLYYJD,PRQOVNMSWD,XKPRNIZFMG,CCUJZCMUUY,XRLGZKEECN,VRPYTFMMXP,PQOLTXETCY,XICZAUICDW,ANVNMGJTFH,PDFNIAFIMW,ODNXIPKMSU,OMFILTJPTK,KMLZOGRIYZ,AVEUDIWDNO,DHSEKODVUC,GEELYPLYYE,EGBVZIIGPN,ZNIJVVAYYA,OUMHVSJOZG,HQLTGOFUTN,WBEPQRJQLO,BHVJILIPQG,WNUVFCITDD,GLIKYNHPTR,FBSZHDVNSD,LSAHGONYXS,JDJBEXHLUB,RJJEDPOBXK,DRQONPLHMF,ZUNTFHGBNO,LJLEELOPTI,SXAHCVQAKQ,OCMUTPMGAC,THPCMALQZX,DPSVABTKQQ,ANSEOKYYLF,JIBJHIZVTF,VZDQORJPAY,NLNLSYGQOM,BKHOMGUITM,UXLOYLEYDH,HROWKSQPSF,RWPQYNKTSO,ECQLGPUGIQ,QZDFROELYF,ZVSQOLRLEX,HQWBYXYJWT,LVAHIXIDXF,SIYBOOEWCZ,PRWFJPYYBK,TPBMCKGOLB,QVVZHKBJMG,XUUJWDFMGE,UTUGUMAJDV,GVZZHPEVCQ,RVFMICLWXE,DKVXENNZNX,NOXWKDYTBA,SVFHDRPOUA,GFWZVVSROZ,HOMWBGUNOW,FAMSVJOKMH,QZNHIXPEUO,REYNSELLNC,QHTJCWHPVH,IBZPGADYJN,AYPGPMLNIV,
TSVPLJWUVU,FIIHNHJTSB,YPBUUICPTN,MDOBOSPPKD,IFTHPJFOYZ,GWOONHPPPP,VQHOWEJGMJ,VTABNBXCRL,GKBVLLFDAU,LHSWPRJRLW,IPIXYJRWUV,HLBQODQJPP,SITAMJCNDN,ZEGSGLSFYX,DLTMBQRTCT,CGVHACFRWE,UIDEULYZHQ,HWRSHRWWQF,KMJPNLFAZD,PCOTDUXHHT,HCHHITVVBG,UNCLUHNOJL,CQYSHALTWL,DWOTCGAWWK,ICMFCUCTJQ,BBZAHFHKJN,IGURZRRSBU,ILGAYOUIOA,MUWITBEERF,QOAQRSKLIA,TLNALJIBDB,WZUYUWNVDV,OZMIFOGECH,BXMFPEZGVQ,NLAWLBFKVM,HNDIPHKJNA,XRTEUYBYHQ,XEQZUKXBAU,QIAIOIBEKW,ICSHEWQDUX,TQGPMQNCZG,MEHGSDNYSW,EKZXYJRYCA,BDVJMXKCKF,SPDSOELGDA,OEIMEHPDGC,DMQHYFBZQW,ZNZOHGZUTT,WZXSNUBHOM,JIJGARXBCA,WZEJUGPJEK,EOPPLRHKOT,HBEFRAREWJ,PPCSQPYZJV,CNYBSUGGNO,IMIDXSYMKO,FHTMIUIOUJ,EHPWFWJOCI,GWKQYXGGYU,XWRPJOURWZ,DRITRNLRPK,GWFLCWRCSO,MHIBXUEPEX,WCHISRYGMG,ZQOPWCRIGU,DVDQUEQGGV,BBXLZMDICD,QTFFYKRPFQ,YMONRGGIQM,AZNSGRJDNA,WUGODARZYF,YRDBLGESKI,LLXIRDEIGH,QVJYNVUFID,YMUVNRUIOK,PHYUQTKVGY,TTALSOSSTF,TYNKUVRBIV,IXRLMAIIDC,RYVNQALWBU,BNJJZXKZUR,VRGGEEEBZI,YPEKYGPBXG,FMRFUTSMVE,IUIHJUWNSZ,QNKHFBLKPJ,XIKKWVFTUU,CXIRBBSTTQ,DMZCJFRZWH,HCTGXSGTOO,SHKVITPUUM,MMDIDSNKLZ,JXHTPSHRDC,YLWNDWMLHG,LCRHJVTPVP,SOFAPPEWAL,ADHSBKRMYC,ALXWLTEGDS,BZJLCGLBDY,WHGODEEOJA,
