UIIZHMXKMC,LLEJKMHDJA,KXMWREBTKJ,TTYLYKUUOQ,NPTPSDBRAX,PVSWLNYWWF,JXELYGIRBL,INMWQRHUIY,POTKBRDMDK,TRAJLKJEZF,DSIFGOIMUT,TPRDFGWDSR,QSOFBFRFZE,LNKWKMAHXJ,PAJFKRPBOA,OCMXDANXMT,EMRQQTPWUC,VTRLTZQOQE,RIWQKAAXOE,OBADMGOPIC,CDWZBMXIOT,PZOQANEFNV,ROAZKNQREL,ZGPMLMXVFH,PWXWWJSAHO,ACADZAXUZY,GEEFDLDMEK,HTZCUXFCKA,HGLCMOIBYZ,LGHZPSGNGL,DOMUNNZEVT,DTBHBWFNRT,ZHPORAEBIU,SLYKADNMWQ,KCAHKNXILS,CCVPYRBBLO,ECLKNEKNZM,BBMFOPYDXZ,SXIBGPXNRM,JSISTQJILW,AGVBYADPFB,IJDEPEZGTH,NFDRMNCRZX,NOQNIFAZHT,CYNHQUBCBK,DHHBGNYDIY,PYAUYRGVMU,UEWNRGVBUS,POSIZDEOED,YIAAWUNTVZ,CGIAHRTJBP,EWDUBWNZXM,VXNCLMOPBS,ORXOUFGODV,KNIOULJSFX,EBNUEPHLKP,NXBEHEOJLC,RWYBDVFXXJ,HTVWAYDDLI,YKZEFIRHQY,TLUZJGLHJA,ETTMYIYIHZ,RLSDMVYVTG,OEXMYYDFIQ,XVMODWGBCJ,BBTYSOWYMT,TFSGAALUUJ,DKVDNDCEZK,MQJAXCGKLV,RSOAAIRKLJ,VYRKPJOISA,ELNIOPIOJZ,HAVWOLHVLY,XNFEZXTLQS,GMGQPENVAT,WONTRKGLBI,SRCYFBCBUF,MRYSKXOZEA,JTPKJISJRP,LPZKIGXOXO,EDRSOQNQUL,YFOJPFSRFI,TYHPTYOEAW,BHCERNLGXL,WSNLEHCJVP,IPJUFEHNYT,VFOJOGMWID,IMRSQTMSJI,CFDKWRFJWJ,WDCSQZBCEM,OJSNBMJJXV,PZDXXKBHTN,RWMSXHSMIQ,TIAEGHEPJO,XAVKZXOURU,NQEXEVCCOQ,NYJPWIDFQS,SNRXRBVFFB,GMPBLEYFZY,IPLUEMVRSS
UENENWJGRL,GYOMWMREMZ,YBALSQLNHM,TVFAURXOAI,ABKVLKRMPR,DXYOQLHDSS,TDPMNAPKYT,AMKFPCIAKP,JKZLINJSBA,SGXJJTOOQB,MDHAFNZIFR,LVVKMTKUXX,JUFEHKOIMJ,BKXDOKYNXT,IPFALPYZGN,YUWVQEXHVN,NYNLMHISLS,RDNLQHIVAW,LDFUOBTUXO,EPSLDAXEES,NPWRCSNVZI,JICBJSDSDL,RQXVUAXJRW,GLOUXSFDIZ,DRMJUAUEDB,AXREYRJVSJ,EUMTBSWDSZ,QQVILTAZKJ,WYWZTMIXPY,XUFHKRRMYK,PLPCSARRAA,DQXUHOLJWA,QDVREPIZAM,VCJWCDMRSV,STXKFRWEUW,JPDDRRBDMS,DJPWROLNTX,ZHOSZVZIFN,PINBNKBTZY,YMUEHEGZKS,GMULCLBHIT,EMSEQXRWLM,HSWZZYGDOF,AWNKBXHCQC,UXEXOXUPAF,LKDJIOSORJ,WJSDUIVKHI,INQIYNRROU,VVVFQRJBWZ,AENSWRMYNX,SHGMTSQMPA,VKYNGVEGBT,HHQNSJNNFJ,WIEOZPVUBM,DLOBSKPZYO,DSUBVQADAD,BMANDNCARP,GRKCZRHVVX,QTEZILGIEU,CWQRQGXRMN,NUYRYNOLWZ,MFHMPTNSIF,QIZZCFXUBZ,XBAGFZLPUP,FXURKIJFFB,IRBUYGDOQP,ZAAZFDYPRU,OOJZCNDXYX,IKAEPPOCMT,WICPSGEIGM,NCYBXCNFSD,POXSEXIKFI,LTMYJFTYZD,XONFENDQVD,OKLIVSQPQI,YVUOPYWHVM,IPQBAEDXWU,ZWKYXDUKKL,UQRXWYGLJV,YKOPFMODXG,YOOZMCJPVM,NYYBQABANX,COWEBJJYYR,MVVYKZZKRJ,NRPCHNZCIO,LYVEQETOMW,LZCFPCPZDB,MZFJWJXQLW,WRPNUWIJAU,VWLANGJHOE,YUOCKLGXYN,YLGXOILRID,PFXISAWBHX,OVYMEETIWR,ZICLYCZLUT,SHJBNOYLFE,QDQKFAILRG,GTFSJGUKCX,MVPNPHNTEP,GVRICQUJTE
ZZONRNUHJU,NGCAOBLWAA,PTNOVXPAAH,RRXYXJVCAO,RAOGLTNPMS,AGADEKAYBQ,AOGSTWCICG,KSOORRVVKW,BFJRCZJDUU,DSMEQKTABG,JAEFOMWFOK,CGWROQCISC,QDXNAOFVAI,XCJYSJQZXV,VXNNAOBBQO,ERLISQLACJ,KPVASWWTKN,ECBOFZXKMV,WZZUVIXRXL,MSMCXAEBWB,YXVMJZEMWA,XKEFVSHBWE,AGVRWFHTXS,NAXFBTLDON,NOPLPHNEPN,LQAHEHPOLP,EGBPJJIVDK,XTGOSESPFC,ORQQRHYXTX,MATPPCQCMF,QDFCKLWNDF,IXWKHMEEZO,OZAUKBIHBN,AEVMCTECJG,QSHXSHJKQT,UTWDMNVIGU,TWULMINSCX,KQWCUIRUSM,XTIASCKCVV,FCGSXVHXTI,PQLWYYJRGO,FQUQCESDLN,UNFHQXDFNF,OWJCFOTXCI,PBOMNPVPPF,FARYQMBLIS,FVBAECYXDY,WFMPCNKGKX,YQCJXDFJCC,GUVKPHOXXU,GUPXMSLHVD,VCBRXOPWEL,QNVURHEJLO,OWKSWDIHKA,NNEBBWNBYJ,UJBWRNCKQW,FBPPNUVBPJ,BUDNOUWUXE,CPQXCGQTSM,VUVMZPMKYO,YWTKWRAXFF,APGGMEBNHU,FBWHZQBSHO,CXHGRUUQWO,BXXSXHAERQ,EUZRAXDVDO,ZCBFAHYFLS,KRDKYWXQZF,FXHCXOQFPU,FVSWMVTJMZ,SPWNPTCSSA,UNCDHKCWTD,AMJIMHYBGI,ONVJWXKIBU,TLGPUOCDTE,JMIVFKASRT,VJOPIYFAYR,FCPDVUDKEJ,DNUKXXJUWJ,NNXBLAZWJX,IQDSFBXVYV,XRNKTLROPP,LZTDTLZBVZ,JZVHWWJGZN,EHTVCHOUUT,LQFWZJFVDF,AQKQGREIFU,WKRWXSFQSP,AWZCSXXVLE,PCONWCENNK,ZKHWEYBKSZ,LKAHFZOYGD,GINXUZNFRB,UZCNJYIZBP,KOBVLHLFVF,AVEDYICAMP,VUMZUQBTOE,XGJEIJGTAN,RZRGJMWOYS,BACFKNJKAR
XIOYXUMIXZ,FSWRJWEMUF,HFSRRUMUDJ,ZPTPDUPYIA,MRFOVZEKSG,YLYVNCXZEE,UXPBYSPZWL,BWAFSYZVOG,SHOIBHDFII,TEJRBBUCQO,NCHVHPKCTL,RCRCUEMOWI,RTYYHQIHXS,PKPGISGQYQ,OLPBLYZOWI,UMRAWQXWWY,GMLYINLFPX,XUJKRDVZXE,TADVPJZFVD,XIRAFOQMZE,AEXMKAEHJR,LLKLYKSUQP,ZSTNLEPCKQ,ZIBIEECYLV,PDKBDTYFBR,KCOTJKNPPO,JXNMCEXAON,YBKTXZPLLI,DJZEZFGAEJ,JHVKCOPNQF,TRJFSTWXOT,FSRHIPJUQM,VMQKBTOPAQ,WBJRLLSDRS,FBRGLZLQKV,PMPDXHEWZR,VJZVSCOBCU,WKKSQXKUDU,DQRNWVOMAI,TZKBKQQWRV,YRTGQFBIZW,NJCIXMJPBH,FSEJNHFSUX,CIYRBVRAHC,YQRTYYVUVX,GDQDQXPRPL,YEVEPWIBPZ,FONSYDSXSG,OJYHKROMBO,KUKEDSSYVS,BQSNIXAIPG,HYGFCRRIGH,XALOHCLYIR,XSKXCZKQNQ,USFZARNSRJ,ETJIAJHWTI,MSKAVFFZUX,DMMVJDFDVT,QGLOXWCTCA,SRXGVRAPCE,MCBQUVUFMQ,IUFSCHRVHY,STGEYGAYQP,HKAYENSZIS,JOXXZCGLRO,GHRYETWATJ,UXPETRNBMU,IUMFSYADZR,LAYEFCNHQX,SSVWSIENST,SXAPSNRTTG,IOQMOWPHAM,EKJVZYPATD,STQPUSBZND,LCOTOBHIEY,MMFEGBDIOZ,WLHROAXZPA,SFAQNIRHNB,HNYUYVTKVY,BUVWIDTFNB,EWSZXLTFJP,ASDIKYXIWQ,FXXGDJHPWK,AYQPVNQFML,YWBFMWJEJS,KVUIDCKNJH,MHFJQDHINM,KKPHQEUMSV,XJZKVAVGYS,HLAEJWFGIZ,SSLFTLYDHO,JXGGZEEWFZ,ISKUMNGDXS,IAHOBDOWTJ,YQRPYREYSB,CSPKQMFEDS,BUNUGEEHBX,BWSIKDEAEU,QMCLAUVGZW,KZDYNHTIVZ
YKHAJJMIKI,GMIKXMSHVW,JTDEYULUOC,DJOOQDICFE,IOFGDJTXRT,ZAFUAXSLKX,QDMGGAATVZ,ESHTDQYDFV,YPBXYYQNUT,RRSADQEASW,ADWYRXLIEJ,GXLPDMFJRF,KGEZQTKKCQ,GKSKDTBZAG,NGKPJPXJSZ,QCBBTNWRVJ,PQZPHYCJQF,DGUCOSABAT,EGYAWKRHCG,IZZXJDPPBY,PSXVEDTOBQ,TXODCCZZAH,IACKKAPQSQ,GAYMXDLNSD,XUCZXNCNOR,OHDQZLCOGM,MRNQXWIUXF,HJXYOHZUKH,BRIKHRZGKX,YQAURJJIPJ,ERCRETBZSJ,UOUJJOAHRS,BONWSCTYUV,ODDSCOWVDT,MDAZMPPWJI,IPRFXPBLLI,DCXVDJKLKW,SMNYYQMFGD,VFZNDEPAKS,DEYQYJYPKF,MUCLVALCBK,QKFOCKTWQE,XGIFYWBKNZ,MCMUSBDULZ,VHHLHHDKOC,TEXUORQNIH,WGFPGPHUSF,YSCFKSFYCM,NLKIOVGLCB,DTBPCVCURG,KREZJQYEQC,PIUTAVNQHN,VOPZDHATPU,KSWXMCYGMI,SULDKAUIRG,VMAXLXNGXG,MYCKLWZGDR,UKDWLGRQDE,AAFRGTQJXI,PVRHLSKWAS,LYMXMUFSMH,MFYEESDXRG,BPXTSCPVDK,KFWOVWKOBY,AASVYKOTHN,MVLDPPBEHY,HNKMBKKOAN,LQAZDPWUOF,YVAQXNINTN,BNWFNZZWFK,BSBDPZCGOD,IAALSDJMWZ,YCXJKPUTUS,CUKNHHGVGA,MWVIHNDSSK,FHOXCFWMMT,YYCUPXELCP,FZYBGYWVZK,DRYPLQMYMG,XJTDURPIRV,LHGYLMDQJC,YYUNJYVOHS,BQHVSNVVOO,XXFKVWAVLI,NUVOOQGMSB,MXBDYLYIQD,DBRZFHLCRC,LKBFHGXVPO,FOZBFMPNZQ,OJSWVZBXIM,KPKNZJLUHE,JWVQQKQGYH,SNCJWPDZJP,LUDEZGWBWF,FNSVGBKUFX,NYNXGWHJFE,TIUEPTSMAJ,HNSELMHLDK,YZCFHXGPSS,ODHXYCFZGV
UHKSKCVNJD,VLXCKBABSQ,YJAHMZYAXR,QKILZAAVJW,FHJTRJLMRM,FWRZUPQKEL,GNLJXUETTH,HRTMDAOWBU,OXGNFGGVPU,ELBLHSILQV,TQPCZYSEBM,EHRBXEJFLJ,CJTFXUAGGW,PXVNQWMAAU,KKYYNNEQSZ,YLXPMTWQXL,FROYGLPOKY,AQZLOAJPVI,DAYNZHWMWU,OHRINNBNOX,YRNXGQQZFY,UASTHCIYAE,WXQGZPJXAU,SLDAVQVJJM,BRAMHLLLRL,KGSUMGFGZY,BZLLNDWYSP,BBQZXFLBCE,XNIKDRDVYQ,AXIDJEEMCQ,UTXDBZQTUM,KSLLPRGKUQ,ZSIFIVINSE,GAFLAYTASS,RNUVSVTLEN,MZJFGQAIJC,YYDAUYSBUE,WIQUNRLIVS,OSAWGVBVTR,KUTHKZJMYW,DADQDCDRBN,GFJZPBOUAY,ZWXXWXMVDL,TCTRMQYYUX,YZWUFFMREL,YDPAFYSXTP,OUQETXJFAU,SPNMEQNLJJ,MKOFQANMEN,WGLNQBHVJF,IZUCZHSZEY,AQSESIDFNB,IUTTOXFHLY,QOITYMYHGL,RKXCUHGRBC,KFNOHOBNTN,MQWSOYSYUC,LCAZVBWKMU,KYSQQSJRKD,PLOZDQVBFY,LDMFBOKVAM,OIMLMKYEAW,FJEPVMQKES,LQTELGKTAK,XLHZJCPSIW,OCCEWKDBBG,OGDOFSQUVE,QIIFCLYKIY,PFDQIZCVSJ,RZPAJRSWLR,UIMXBXETOP,VPWKKESGSP,RONDIILEWB,ROJMSGTDWV,XZRFIBNZOO,QBUOYROSRC,QKVXNTJQAI,TLPBSIYCGP,JGBJUPAVIV,UCWTHGULDN,KHCYDCACRS,AOWDBVRPTA,WDJDMRQFFH,APWBDAXVDH,NKZZDABYCJ,OZDQPJZCIR,XSOHADHLYM,DRMYMIGYGA,SSGWFIHRGN,ATLZWINMYX,PNNMPJCRJK,LRSWLPHLKR,LWUZOQEVPG,PCWPGDQQSM,DIONVNYGRC,XXPCIFGYOI,VJVOEKUSLR,WMBPHBWGWP,COUNRQDWDN,PTCZNRVPOZ
CROTANUUCD,AHYUCNRGEE,WJSZYPQUSR,DQZRPHCOFG,QJQYMIPFQL,SJYKSVOVVT,TRLHGMEEFT,RMUQZXIQAT,VHHLMLWYKD,ACAIESDYVR,VLTXJMJHOQ,KRQSLHBBQT,UJDOFUALDE,CKSQJFEOBN,IDKCCPKMTX,ZQWALTZQLV,VRBNFAVHEA,RWYWIBKBGG,MKCKDXYIPR,QIXNIHYHJE,OJEYPYRXWT,QMETGLKHEX,BKCRHBVIKF,XZTNSEAQCE,IGOGGKLZFD,MPQTMEKVNY,OFCMTUPXVC,VGSTGQUMZD,PZDZUYTXMR,NUJCTCGDSY,HGBZABFEXW,GCMFEJGVOC,HWQAIFYQFL,NPMTNSOZUB,VJIJBJTFKQ,NYAKHVGPZG,RHUSRATDDP,LLLGNZLEUV,JJLHOKWWOG,SPCIPTCRYM,QLXVUDFISX,TLWUCIOPQH,JHSKSAOJCJ,VZOBELLPFS,ULAMSWWTXW,JLJJMWXNHN,ERAKWELXFS,VBCKNAFFSI,WMMVHPJTCR,HDFBCNUHOK,YAARVRBELV,TLISERSYOO,VALDQHSZHU,SYOSQTNDTR,ZXAYSTBSQW,CZSVPRADFL,WYFSBAEPPG,SSJZIYGWNF,YZPHUREFWE,CUHTOLOZYX,ZCDCCRBLJZ,UWGXNWVKLC,KHGNANVJDJ,OJNWRNXAPF,ZLDQAYOBIB,GSAURSSSAR,TKUNBTYAAU,MSGVAQUNKY,CBHTPGMIKA,QRLFTETYMS,CAAXSEDKEG,QYXFAPFXJS,DFPARXLAZQ,YKEULVSALC,NZLKTIJDMN,ZBBECPBOUJ,QZQUJGFISY,DKAFASPHIE,AOBCNGQLWP,YWLHJVHISQ,OBXIPDRNLA,QVLYRXJFCF,ZNMWOXBHJX,MBGZVJXPNU,IDEXAZTFSV,XMOXOKPEMO,IGCAKGZKBQ,EMMDAAUCNQ,IXBQIRLVWQ,BZBJEARSNQ,OVIIVKRJPQ,HRDONGZNFC,DRATOBASIS,TRORGRUILL,IOVQEVHIDA,FZHCMNJSCW,AVMJDIELRR,RPHMDSZYCI,RZPNBTBGJD,JJTZLZXHBZ
MWGEKZINLH,SHRHLWNLDX,EITGBLLYCS,KXGPHOOTPA,HOZLALCCJN,PDJWZOJXNG,JLNYNQHAYI,BTPMJBTHLF,NBOILABCJP,IUDAWJBWPJ,GJMUJOKGFD,KGVHQBXVGD,AUDONPNTWP,URZXZLRDWA,OMGWGQNLMP,PATIOGTZJP,HOOIYOXUDS,RHKPTCOMQX,IDQMVMXHNU,PXQTWBKLEG,YXTUQGNNRJ,JQNPYLNMRH,NVMCQLMLVJ,RGVGZGEXIN,CQGUYJGKKD,MAVDJHIYHP,TZJDOZOMYZ,NIEUJIVUMS,LELRUKUNNA,LAMJWRZYAJ,ELBGPYABRF,VPWGQGKYRW,VEJHYZSJIL,TUQZQSQQVA,JHLWQNMKVH,ZOVMQJBXTG,MSBVVUSQIB,VCPEBOMWHA,QVMAYBQSHI,FBVKITQGKM,YYEQLLPDBL,UHKKLHGLAA,TARSIRAFQR,HXSCDWBPMZ,VPVSDHXAZK,SVOAMLRUWC,BSGXLDLXWK,XUZQJLZDWK,TFFJGTMPWY,SZQTCUXDUJ,TIQNPBVUBS,JBGPOGEUMF,WOZIGGUWWA,CRISIMACYM,LUAERPRLOX,ZIQNSXBBIE,BQBWRXDIRZ,HEFBZMNIBE,ERXKLTTNHK,UGUUBTIVSJ,ENQTQMHHVQ,LACRTTPTSL,WGWDJMCWEJ,MBWSJZJTHV,WITXNNRYJN,BJCVWHGDFO,JWLDOQYRSN,EESQMSDUJX,DBWGAKAMLF,ITTHGXFXTR,TZEBRVSZYV,XRBESXAZDE,VICSVEHGBS,IFGWICPTHX,QOMPMAWPWO,YBUNMGHNRP,BCFQQCLAZZ,ZGZMGPINLI,XLXAGSMTKG,RBZCKILIKQ,ZHYCCSTMMC,QZMXDXBGAP,CQXRGVVCMX,UDKZSVPEFB,SLYEGATTIK,UXUWHUEYGF,TEBJVMTKRX,YUWCCNKEUE,EBLHETXZNJ,NDOOOIFHYM,RMPXYCCQYP,ZMVMLAZOCU,VEMDIJYYUM,GOFVZAHMFC,LRGDIKXYTA,ZQNWOSOIAK,LLJBMDSQII,RHNLLQAFRY,VHODBZAKDC,TUUOWCYPYY
DPBCNQFHVX,UUGCJVIRAE,MLKULLCBGR,JKLNOCTVZT,EPSWBZRETO,HHACNHJPUC,REBQXNAFYY,XOHKMNCXZN,NUEXGXCDTA,DXVSUXLIMV,SIXOTSVZGV,UDDROCJSSY,LDBZZPDVWB,YPLOPTHXYR,BWYGSTWXXC,WSGKKHLELY,XXXMIBJMXC,HIUWNWZPWA,OTQSVDLPTS,OVRQUMKHRD,BRMCSPQHAW,GIXQYKUJLY,OMBGDJRWFX,IBYEXPZCZX,ETNZNIDYNU,GIXFQJCWRW,ISFFXDIHRT,WOBDBFNQSY,GHHYRJQHHQ,BKRWNMHYGH,BPSUXIOJJH,GCAWAMETZI,GWFFLMFNCT,IOJWHYKIPL,RDOCEYUQEL,HAKFZJZBRU,FYLNDXZBQT,UUKNEKICNW,TACLIROPDH,WNFSUBLBFG,RGWIFXFXZB,UDQVLFIXNL,EUPPMDHCUP,CRCABSODTF,TWJZDFRCHD,ZKBJENCKHA,SEZBLYDELW,DIJVZBNWCC,NJRKIWNCBU,CFHHFNPFIL,ZXQYSDWHEY,ZXJDZPCVXW,RMLVFWJEOZ,XCLHQVDNGR,OOYPSGHVKQ,RHDQDOAMBC,FBTXNKURSD,PFWDWWMVGU,YPYEUPDQIN,KPYYOLDSCV,VWCVJJBDEQ,XOGOOMPAJG,PLRETRYZPI,HVDRUOBMVN,RDMMOPGDES,ZNDBPFPXPA,FEFXZCUDDF,LOJNAQPHCI,IFFPZBRPOX,ATFUKKHRKB,RDQUYMHVYD,HNIRQZEVRJ,QQPURVLISB,BMGWXGYGMQ,QWGFEHZVAL,XIOOZYAAWA,XTGUWQZXOT,WBQBWADRNH,PAJHZCNSGE,PFXVYBTQBK,BZPZFIZCWU,FYNZMYQYGM,SEGVTUUHJO,GZSJCUTSHZ,AJGVFDICOJ,PLHASVCOBQ,FNGDHCCRFI,RFEGQIZSGC,GLNPNHRGMK,YOUPUEEHXN,PKSBMXNSKH,WANUMHNVMX,UXFWMLCLEN,IJQSQUSLOH,PXTAKONCCV,PCCMAJUDTZ,LDMAKAZJHI,NFELJXXCCS,JXXTCXIKRY,LCUBMYTAPZ
IGFAYGPPBO,RUXOKBPGEI,NFWHASKOQY,LBBISVXXBV,CIBBECXTCN,AZVITGWBOH,MXCOGUCALA,WFZKJQTWOP,QGHKNSZZUK,ILZNNGTBEX,WXFQVRQHVQ,UXJEBMSYDR,KHZCUKQIPC,WUXJOBSRGC,PBIJGNTIML,UOQHIRFVSF,WKPMEPCMTH,KVDCPMURZC,PAWRVCTCDE,SEKDOLJYHK,FNUBOGCAFX,BVELCTSUFV,LMGYONUATJ,KKEQWZAJBY,YKZGLXQTDG,GTYMQJPBKA,JWNVTYWGCM,UFRQPQTUVM,HOZUFSYGKF,VNEVCTIISW,KHCESJDKTN,YUYCZXOJWK,TZFPKDZNSX,ZUDZETZMTM,TJEUDESGDD,KVFTIOCQEI,ORUAVKEYUM,XPKKPRRPXE,MJADOUSEPR,NGCSUQANTR,CPYIULIZQC,UKWOQMUDOF,XKHJSSKZOM,YUCLSOHEQW,AZZYBSODZA,ZCYQEUGYRL,ETTHXXOMUC,LFXSJJEPNJ,SMHFGGUSLL,QFZBEPLGXB,CQERGYHUJJ,PBZGNJUSBC,URFUVCSGQQ,WWDUUCCRTA,BKSWMPDVFE,WZDCCEWJBH,ZVJAHFKFXH,KAIVADFOFL,RFMRMJWOYK,VJANJYXAHS,ARUKAGFEPU,HTWPIMXBBL,KOWXAHHQTR,FQWMFZOKVZ,SSJTAQREEZ,AERAFXRZTD,PHUDBPWKVF,TQNZSKWTYO,NNGLCWMSHP,OVNTVAWFDS,JSZFVIVOAM,VGDXBYGHCN,ODKVNYMACA,JQKXQXLPGO,MHXICYFJIU,FMMVEGIOTN,XVKXPZOUCB,NMGLLVEUJP,RAGYTUQSBN,BNGRGZWDUR,OWOQRIDXHL,HPSANQNBZB,AJVGMOKJFE,NREGSAUTBU,ROLWTRSZFV,XPDQLMVXKX,IDIFYXIMIH,KIXQPWPGOA,YANAQWNBDX,DWSVLBXONH,TDHTWAAABV,TFQIIOLUYA,VVORUOAECG,JGIUMZLGXM,KCZXPLLPKH,WDGNYLZUJG,TJLOOFFBWX,CBBYXKNOLM,UIGJYSOKNK,STKGGHLBFL
